-- phpMyAdmin SQL Dump
-- version 4.9.5
-- https://www.phpmyadmin.net/
--
-- Host: localhost:3306
-- Generation Time: Nov 28, 2020 at 09:55 AM
-- Server version: 10.3.27-MariaDB
-- PHP Version: 7.3.6

SET SQL_MODE = "NO_AUTO_VALUE_ON_ZERO";
SET AUTOCOMMIT = 0;
START TRANSACTION;
SET time_zone = "+00:00";


/*!40101 SET @OLD_CHARACTER_SET_CLIENT=@@CHARACTER_SET_CLIENT */;
/*!40101 SET @OLD_CHARACTER_SET_RESULTS=@@CHARACTER_SET_RESULTS */;
/*!40101 SET @OLD_COLLATION_CONNECTION=@@COLLATION_CONNECTION */;
/*!40101 SET NAMES utf8mb4 */;

--
-- Database: `lerot_rgmanager`
--

-- --------------------------------------------------------

--
-- Table structure for table `district`
--

DROP TABLE IF EXISTS `district`;
CREATE TABLE IF NOT EXISTS `district` (
  `districtid` varchar(10) NOT NULL,
  `name` varchar(50) NOT NULL,
  `date` varchar(12) DEFAULT NULL,
  PRIMARY KEY (`districtid`)
) ENGINE=InnoDB DEFAULT CHARSET=utf16;

--
-- Truncate table before insert `district`
--

TRUNCATE TABLE `district`;
--
-- Dumping data for table `district`
--

INSERT INTO `district` (`districtid`, `name`, `date`) VALUES
('LCC', 'Lichfield City Council', NULL),
('LDC', 'Lichfield District Council', NULL),
('SCC', 'Staffordshire County Council', NULL),
('UKP', 'UK Parliament', '20190000');

-- --------------------------------------------------------

--
-- Table structure for table `pollingdistrict`
--

DROP TABLE IF EXISTS `pollingdistrict`;
CREATE TABLE IF NOT EXISTS `pollingdistrict` (
  `pollingdistrictid` varchar(10) DEFAULT NULL,
  `electors` int(11) DEFAULT NULL,
  `households` int(11) DEFAULT NULL,
  `kml` varchar(20) DEFAULT NULL,
  `maxlong` float DEFAULT NULL,
  `midlong` float DEFAULT NULL,
  `minlong` float DEFAULT NULL,
  `maxlat` float DEFAULT NULL,
  `midlat` float DEFAULT NULL,
  `minlat` float DEFAULT NULL,
  UNIQUE KEY `index` (`pollingdistrictid`)
) ENGINE=InnoDB DEFAULT CHARSET=utf8 ROW_FORMAT=COMPACT;

--
-- Truncate table before insert `pollingdistrict`
--

TRUNCATE TABLE `pollingdistrict`;
--
-- Dumping data for table `pollingdistrict`
--

INSERT INTO `pollingdistrict` (`pollingdistrictid`, `electors`, `households`, `kml`, `maxlong`, `midlong`, `minlong`, `maxlat`, `midlat`, `minlat`) VALUES
('RA', NULL, NULL, NULL, NULL, NULL, NULL, NULL, NULL, NULL),
('RB', NULL, NULL, NULL, NULL, NULL, NULL, NULL, NULL, NULL),
('RB1', NULL, NULL, NULL, NULL, NULL, NULL, NULL, NULL, NULL),
('RC', NULL, NULL, NULL, NULL, NULL, NULL, NULL, NULL, NULL),
('RD', NULL, NULL, NULL, NULL, NULL, NULL, NULL, NULL, NULL),
('RE', NULL, NULL, NULL, NULL, NULL, NULL, NULL, NULL, NULL),
('RF', NULL, NULL, NULL, NULL, NULL, NULL, NULL, NULL, NULL),
('RG', NULL, NULL, NULL, NULL, NULL, NULL, NULL, NULL, NULL),
('RG1', NULL, NULL, NULL, NULL, NULL, NULL, NULL, NULL, NULL),
('RH', NULL, NULL, NULL, NULL, NULL, NULL, NULL, NULL, NULL),
('RJ', NULL, NULL, NULL, NULL, NULL, NULL, NULL, NULL, NULL),
('RK', NULL, NULL, NULL, NULL, NULL, NULL, NULL, NULL, NULL),
('RL', NULL, NULL, NULL, NULL, NULL, NULL, NULL, NULL, NULL),
('RM1', NULL, NULL, NULL, NULL, NULL, NULL, NULL, NULL, NULL),
('RM2', NULL, NULL, NULL, NULL, NULL, NULL, NULL, NULL, NULL),
('RN1', NULL, NULL, NULL, NULL, NULL, NULL, NULL, NULL, NULL),
('RN2', NULL, NULL, NULL, NULL, NULL, NULL, NULL, NULL, NULL),
('RP', NULL, NULL, NULL, NULL, NULL, NULL, NULL, NULL, NULL),
('RQ', NULL, NULL, NULL, NULL, NULL, NULL, NULL, NULL, NULL),
('RR', NULL, NULL, NULL, NULL, NULL, NULL, NULL, NULL, NULL),
('RS', NULL, NULL, NULL, NULL, NULL, NULL, NULL, NULL, NULL),
('RT', NULL, NULL, NULL, NULL, NULL, NULL, NULL, NULL, NULL),
('RW', NULL, NULL, NULL, NULL, NULL, NULL, NULL, NULL, NULL),
('RU', NULL, NULL, NULL, NULL, NULL, NULL, NULL, NULL, NULL),
('RX', NULL, NULL, NULL, NULL, NULL, NULL, NULL, NULL, NULL);

-- --------------------------------------------------------

--
-- Table structure for table `pollingstation`
--

DROP TABLE IF EXISTS `pollingstation`;
CREATE TABLE IF NOT EXISTS `pollingstation` (
  `pdid` varchar(10) NOT NULL DEFAULT 'NULL',
  `stationno` varchar(3) DEFAULT NULL,
  `ldcward` varchar(10) DEFAULT 'NULL',
  `address` varchar(97) DEFAULT NULL,
  `midlat` decimal(8,6) DEFAULT NULL,
  `midlong` decimal(7,6) DEFAULT NULL
) ENGINE=InnoDB DEFAULT CHARSET=utf8 ROW_FORMAT=COMPACT;

--
-- Truncate table before insert `pollingstation`
--

TRUNCATE TABLE `pollingstation`;
--
-- Dumping data for table `pollingstation`
--

INSERT INTO `pollingstation` (`pdid`, `stationno`, `ldcward`, `address`, `midlat`, `midlong`) VALUES
('RA', '39', 'BLY', 'Boley Park Community Hall, 7 Ryknild Street, Boley Park, Lichfield, Staffs, WS14 9XU', 52.677250, 1.802278),
('RB', '40', 'BLY', 'Boley Park Community Hall, 7 Ryknild Street, Boley Park, Lichfield, Staffs, WS14 9XU', 52.679400, 1.809440),
('RB1', '41', 'BLY', 'Boley Park Community Hall, 7 Ryknild Street, Boley Park, Lichfield, Staffs, WS14 9XU', 52.678190, 1.814117),
('RC', '41a', 'BLY', NULL, 52.683134, 1.804440),
('RD', '42', 'STW', '7th Lichfield Scout Group HQ, Ash Grove, Lichfield, Staffs, WS13 6ET', 52.684994, 1.809096),
('RE', '43', 'CHD', 'Chadsmead Primary Academy, Infant Block, Friday Acre, Lichfield, Staffs, WS13 7HJ', 52.689442, 1.834416),
('RF', '44', 'CHD', 'Mobile Polling Station, Land at junction of Collins Hill and Greencroft, Lichfield, WS13 7JG', 52.694592, 1.835747),
('RG', '45', 'CHD', 'Chadsmead Primary Academy, Infant Block, Friday Acre, Lichfield, Staffs, WS13 7HJ', 52.691185, 1.838751),
('RG1', '45a', 'CHD', NULL, 52.693409, 1.844244),
('RH', '46', 'CUR', 'The Willows C.P. School, Anglesey Road, Lichfield, Staffs, WS13 7NU', 52.695711, 1.830339),
('RJ', '47', 'CUR', 'Charnwood Primary Academy, Purcell Avenue, Lichfield, Staffs, WS13 7PH', 52.697661, 1.824031),
('RJ', '48', 'CUR', 'Charnwood Primary Academy, Purcell Avenue, Lichfield, Staffs, WS13 7PH', 52.697297, 1.823044),
('RK', '49', 'CHD', 'SS Peter & Pauls Catholic Primary, Dimbles Hill, Lichfield, Staffs, WS13 7NH', 52.690359, 1.827732),
('RL', '50', 'LEO', 'Mobile Polling Station, Morrisons Car Park, Beacon Street, Lichfield, WS13 7BG', 52.690080, 1.841969),
('RM1', '51', 'LEO', 'Martin Heath Hall, Leomansley Room, Christchurch Lane, Lichfield, Staffs, WS13 8AY', 52.680233, 1.842699),
('RM2', '52', 'LEO', 'Darwin Hall, Heathcot Place, Lichfield, Staffs, WS13 6RQ', 52.675875, 1.842248),
('RN1', '53', 'LEO', 'Darwin Hall, Heathcot Place, Lichfield, Staffs, WS13 6RQ', 52.675419, 1.836820),
('RN2', '54', 'LEO', 'Mobile Polling Station, Staffs University West Car Park, Monks Close, Lichfield, Staffs, WS13 6QE', 52.681768, 1.830082),
('RP', '55', 'STJ', 'St. Michael`s C. of E. School, Cherry Orchard, Lichfield, Staffs, WS14 9AW', 52.679869, 1.820340),
('RQ', '56', 'STJ', 'Holy Cross Parish Hall, Chapel Lane, Lichfield, Staffs, WS14 9BA', 52.673221, 1.833129),
('RR', '58', 'STJ', 'Holy Cross, Community Meeting Room, Holy Cross Church, Chapel Lane, Lichfield, WS14 9BA', 52.673468, 1.814590),
('RS', '59', 'STW', 'Guildroom, Guildhall, Bore Street, Lichfield, Staffs, WS13 7LX', 52.683134, 1.828033),
('RT', '60', 'STW', 'Life Church Lichfield, Netherstowe, Lichfield, Staffs, WS13 6TS', 52.691939, 1.818752),
('RW', '60a', 'STW', NULL, 52.686789, 1.818624),
('RU', '61', 'STW', 'Cruck House, Stowe Street, Lichfield, Staffs, WS13 6BN', 52.687218, 1.823280),
('RX', '62', 'STW', 'Scotch Orchard C.P. School, Early Years Unit, Scotch Orchard, Lichfield, Staffs, WS13 6DE', 52.688194, 1.812015);

-- --------------------------------------------------------

--
-- Table structure for table `rggroup`
--

DROP TABLE IF EXISTS `rggroup`;
CREATE TABLE IF NOT EXISTS `rggroup` (
  `rggroupid` varchar(20) DEFAULT 'NULL',
  `name` varchar(20) DEFAULT NULL,
  `kml` varchar(20) DEFAULT NULL,
  `roads` int(11) DEFAULT NULL,
  `roadgroups` int(11) DEFAULT NULL,
  `households` int(11) DEFAULT NULL,
  `electors` int(11) DEFAULT NULL,
  `latitude` varchar(20) DEFAULT NULL,
  `longitude` varchar(20) DEFAULT NULL,
  UNIQUE KEY `index` (`rggroupid`)
) ENGINE=InnoDB DEFAULT CHARSET=utf8 ROW_FORMAT=COMPACT;

--
-- Truncate table before insert `rggroup`
--

TRUNCATE TABLE `rggroup`;
--
-- Dumping data for table `rggroup`
--

INSERT INTO `rggroup` (`rggroupid`, `name`, `kml`, `roads`, `roadgroups`, `households`, `electors`, `latitude`, `longitude`) VALUES
('RG_BLY', 'Boley Park', NULL, NULL, NULL, 1815, NULL, NULL, NULL),
('RG_CHD', 'Chadsmead', NULL, NULL, NULL, 2010, NULL, NULL, NULL),
('RG_CUR', 'Curborough', NULL, NULL, NULL, 1871, NULL, NULL, NULL),
('RG_LEO', 'Leomansley', NULL, NULL, NULL, 2941, NULL, NULL, NULL),
('RG_STJ', 'St Johns', NULL, NULL, NULL, 2431, NULL, NULL, NULL),
('RG_STW', 'Stowe ', NULL, NULL, NULL, 3300, 3086, NULL, NULL);

-- --------------------------------------------------------

--
-- Table structure for table `rgsubgroup`
--

DROP TABLE IF EXISTS `rgsubgroup`;
CREATE TABLE IF NOT EXISTS `rgsubgroup` (
  `rgsubgroupid` varchar(20) DEFAULT 'NULL',
  `name` varchar(20) DEFAULT NULL,
  `rggroupid` varchar(20) DEFAULT 'NULL',
  `roads` int(11) DEFAULT NULL,
  `roadgroups` int(11) DEFAULT NULL,
  `households` int(11) DEFAULT NULL,
  `electors` int(11) DEFAULT NULL,
  `latitude` varchar(20) DEFAULT NULL,
  `longitude` varchar(20) DEFAULT NULL
) ENGINE=InnoDB DEFAULT CHARSET=utf8 ROW_FORMAT=COMPACT;

--
-- Truncate table before insert `rgsubgroup`
--

TRUNCATE TABLE `rgsubgroup`;
--
-- Dumping data for table `rgsubgroup`
--

INSERT INTO `rgsubgroup` (`rgsubgroupid`, `name`, `rggroupid`, `roads`, `roadgroups`, `households`, `electors`, `latitude`, `longitude`) VALUES
('RG_BLY_E', 'East', 'RG_BLY', NULL, NULL, NULL, NULL, NULL, NULL),
('RG_BLY_N', 'North', 'RG_BLY', NULL, NULL, NULL, NULL, NULL, NULL),
('RG_BLY_W', 'West', 'RG_BLY', NULL, NULL, NULL, NULL, NULL, NULL),
('RG_CHD_C', 'Central', 'RG_CHD', NULL, NULL, NULL, NULL, NULL, NULL),
('RG_CHD_N', 'North', 'RG_CHD', NULL, NULL, NULL, NULL, NULL, NULL),
('RG_CHD_S', 'South', 'RG_CHD', NULL, NULL, NULL, NULL, NULL, NULL),
('RG_CUR_C', 'Central', 'RG_CUR', NULL, NULL, NULL, NULL, NULL, NULL),
('RG_CUR_E', 'East', 'RG_CUR', NULL, NULL, NULL, NULL, NULL, NULL),
('RG_CUR_N', 'North', 'RG_CUR', NULL, NULL, NULL, NULL, NULL, NULL),
('RG_CUR_S', 'South', 'RG_CUR', NULL, NULL, NULL, NULL, NULL, NULL),
('RG_LEO_C', 'Central', 'RG_LEO', NULL, NULL, NULL, NULL, NULL, NULL),
('RG_LEO_N', 'North', 'RG_LEO', NULL, NULL, NULL, NULL, NULL, NULL),
('RG_LEO_W', 'West', 'RG_LEO', NULL, NULL, NULL, NULL, NULL, NULL),
('RG_STJ_C', 'Central', 'RG_STJ', NULL, NULL, NULL, NULL, NULL, NULL),
('RG_STJ_E', 'East', 'RG_STJ', NULL, NULL, NULL, NULL, NULL, NULL),
('RG_STJ_W', 'West', 'RG_STJ', NULL, NULL, NULL, NULL, NULL, NULL),
('RG_STW_C', 'Central', 'RG_STW', NULL, NULL, NULL, NULL, NULL, NULL),
('RG_STW_E', 'East', 'RG_STW', NULL, NULL, NULL, NULL, NULL, NULL),
('RG_STW_N', 'North', 'RG_STW', NULL, NULL, NULL, NULL, NULL, NULL),
('RG_STW_S', 'South', 'RG_STW', NULL, NULL, NULL, NULL, NULL, NULL),
('RG_STW_W', 'West', 'RG_STW', NULL, NULL, NULL, NULL, NULL, NULL),
('RG_BLY_C', 'Central', 'RG_BLY', NULL, NULL, NULL, NULL, NULL, NULL),
('RG_LEO_A', 'Outer', 'RG_LEO', NULL, NULL, NULL, NULL, NULL, NULL),
('RG_LEO_X', 'Not Walk', 'RG_LEO', NULL, NULL, NULL, NULL, NULL, NULL),
('RG_CHD_X', 'Outside City', 'RG_CHD', NULL, NULL, NULL, NULL, NULL, NULL),
('RG_STJ_X', 'Non Walk', 'RG_STJ', NULL, NULL, NULL, NULL, NULL, NULL);

-- --------------------------------------------------------

--
-- Table structure for table `roadgroup`
--

DROP TABLE IF EXISTS `roadgroup`;
CREATE TABLE IF NOT EXISTS `roadgroup` (
  `roadgroupid` varchar(10) NOT NULL DEFAULT 'NULL',
  `rggroupid` varchar(10) DEFAULT NULL,
  `rgsubgroupid` varchar(10) DEFAULT NULL,
  `name` varchar(38) DEFAULT NULL,
  `households` int(3) DEFAULT NULL,
  `electors` int(3) DEFAULT NULL,
  `distance` float DEFAULT NULL,
  `priority` varchar(1) DEFAULT NULL,
  `prioritygroup` varchar(5) DEFAULT NULL,
  `kml` varchar(20) DEFAULT NULL,
  `minlat` varchar(20) DEFAULT NULL,
  `maxlat` varchar(20) DEFAULT NULL,
  `minlong` varchar(20) DEFAULT NULL,
  `maxlong` varchar(20) DEFAULT NULL,
  `midlat` varchar(20) DEFAULT NULL,
  `midlong` varchar(20) DEFAULT NULL,
  `note` varchar(100) DEFAULT NULL,
  UNIQUE KEY `index` (`roadgroupid`)
) ENGINE=InnoDB DEFAULT CHARSET=utf8 ROW_FORMAT=COMPACT;

--
-- Truncate table before insert `roadgroup`
--

TRUNCATE TABLE `roadgroup`;
--
-- Dumping data for table `roadgroup`
--

INSERT INTO `roadgroup` (`roadgroupid`, `rggroupid`, `rgsubgroupid`, `name`, `households`, `electors`, `distance`, `priority`, `prioritygroup`, `kml`, `minlat`, `maxlat`, `minlong`, `maxlong`, `midlat`, `midlong`, `note`) VALUES
('BLY_C1', 'RG_BLY', 'RG_BLY_C', 'Abbotsford Rd', 219, 365, NULL, 'M', '80', NULL, NULL, NULL, NULL, NULL, NULL, NULL, NULL),
('BLY_C2', 'RG_BLY', 'RG_BLY_C', 'Baskeyfield Cl', 130, 249, NULL, 'H', '56', NULL, NULL, NULL, NULL, NULL, NULL, NULL, NULL),
('BLY_C3', 'RG_BLY', 'RG_BLY_C', 'Haymoor', 199, 374, NULL, 'M', '106', NULL, NULL, NULL, NULL, NULL, NULL, NULL, NULL),
('BLY_E1', 'RG_BLY', 'RG_BLY_E', 'Birchwood Rd', 153, 314, 1.19, 'L', '162', NULL, NULL, NULL, NULL, NULL, NULL, NULL, NULL),
('BLY_E2', 'RG_BLY', 'RG_BLY_E', 'Curlew Cl', 117, 224, 1.46, 'M', '119', NULL, NULL, NULL, NULL, NULL, NULL, NULL, NULL),
('BLY_E3', 'RG_BLY', 'RG_BLY_E', 'Gable Croft', 164, 337, 1.93, 'L', '182', NULL, NULL, NULL, NULL, NULL, NULL, NULL, NULL),
('BLY_E4', 'RG_BLY', 'RG_BLY_E', 'Hartslade', 136, 278, 1.26, 'L', '158', NULL, NULL, NULL, NULL, NULL, NULL, NULL, NULL),
('BLY_E5', 'RG_BLY', 'RG_BLY_E', 'Bracken Cl', 88, 174, 0.78, 'L', '179', NULL, NULL, NULL, NULL, NULL, NULL, NULL, NULL),
('BLY_N1', 'RG_BLY', 'RG_BLY_N', 'Cornfield', 223, 339, NULL, 'H', '18', NULL, NULL, NULL, NULL, NULL, NULL, NULL, NULL),
('BLY_N2', 'RG_BLY', 'RG_BLY_N', 'Yew Tree', 149, 270, NULL, 'M', '122', NULL, NULL, NULL, NULL, NULL, NULL, NULL, NULL),
('BLY_W1', 'RG_BLY', 'RG_BLY_W', 'Broadlands', 237, 484, NULL, 'L', '185', NULL, NULL, NULL, NULL, NULL, NULL, NULL, NULL),
('CHD_C1', 'RG_CHD', 'RG_CHD_C', 'Oakenfield', 209, 379, NULL, 'L', '181', NULL, NULL, NULL, NULL, NULL, NULL, NULL, NULL),
('CHD_C2', 'RG_CHD', 'RG_CHD_C', 'Swallow Croft', 166, 273, NULL, 'M', '102', NULL, NULL, NULL, NULL, NULL, NULL, NULL, NULL),
('CHD_C3', 'RG_CHD', 'RG_CHD_C', 'Leasowe', 124, 225, NULL, 'L', '176', NULL, NULL, NULL, NULL, NULL, NULL, NULL, NULL),
('CHD_C4', 'RG_CHD', 'RG_CHD_C', 'Dimbles Lane', 131, 213, NULL, 'L', '163', NULL, NULL, NULL, NULL, NULL, NULL, NULL, NULL),
('CHD_C5', 'RG_CHD', 'RG_CHD_C', 'Weston Road', NULL, NULL, NULL, NULL, NULL, NULL, NULL, NULL, NULL, NULL, NULL, NULL, NULL),
('CHD_N1', 'RG_CHD', 'RG_CHD_N', 'Garrick Road', 154, 328, 1.22, 'H', '28.5', NULL, NULL, NULL, NULL, NULL, NULL, NULL, NULL),
('CHD_N2', 'RG_CHD', 'RG_CHD_N', 'Grange Lane', 162, 295, NULL, 'H', '35', NULL, NULL, NULL, NULL, NULL, NULL, NULL, NULL),
('CHD_N3', 'RG_CHD', 'RG_CHD_N', 'Pauls Walk', 269, 472, NULL, 'L', '175', NULL, NULL, NULL, NULL, NULL, NULL, NULL, NULL),
('CHD_N4', 'RG_CHD', 'RG_CHD_N', 'North', NULL, NULL, NULL, NULL, NULL, NULL, NULL, NULL, NULL, NULL, NULL, NULL, NULL),
('CHD_S1', 'RG_CHD', 'RG_CHD_S', 'Charters', 94, 193, NULL, 'L', '184', NULL, NULL, NULL, NULL, NULL, NULL, NULL, NULL),
('CHD_S2', 'RG_CHD', 'RG_CHD_S', 'Gaia Lane', 107, 206, NULL, 'M', '136', NULL, NULL, NULL, NULL, NULL, NULL, NULL, NULL),
('CHD_S3', 'RG_CHD', 'RG_CHD_S', 'Anson Ave', 119, 202, NULL, 'M', '133', NULL, NULL, NULL, NULL, NULL, NULL, NULL, NULL),
('CHD_S4', 'RG_CHD', 'RG_CHD_S', 'Beacon St', 116, 203, NULL, 'M', '111', NULL, NULL, NULL, NULL, NULL, NULL, NULL, NULL),
('CHD_X1', 'RG_CHD', 'RG_CHD_X', 'Outside City', NULL, NULL, NULL, NULL, NULL, NULL, NULL, NULL, NULL, NULL, NULL, NULL, NULL),
('CHD_XW', 'RG_CHD', 'RG_CHD_N', 'Not Walks', NULL, NULL, NULL, NULL, NULL, NULL, NULL, NULL, NULL, NULL, NULL, NULL, NULL),
('CUR_C1', 'RG_CUR', 'RG_CUR_C', 'Curborough', 171, 347, NULL, 'M', '88', NULL, NULL, NULL, NULL, NULL, NULL, NULL, NULL),
('CUR_C2', 'RG_CUR', 'RG_CUR_C', 'Meadowbrook', 194, 353, NULL, 'H', '67', NULL, NULL, NULL, NULL, NULL, NULL, NULL, NULL),
('CUR_C3', 'RG_CUR', 'RG_CUR_C', 'Fallowfield', 118, 176, NULL, 'L', '160', NULL, NULL, NULL, NULL, NULL, NULL, NULL, NULL),
('CUR_E1', 'RG_CUR', 'RG_CUR_E', 'Giles', 132, 237, NULL, 'M', '116', NULL, NULL, NULL, NULL, NULL, NULL, NULL, NULL),
('CUR_E2', 'RG_CUR', 'RG_CUR_E', 'Field', 170, 330, NULL, 'H', '66', NULL, NULL, NULL, NULL, NULL, NULL, NULL, NULL),
('CUR_E3', 'RG_CUR', 'RG_CUR_E', 'David Garrick Gardens', 153, 226, NULL, 'M', '134', NULL, NULL, NULL, NULL, NULL, NULL, NULL, NULL),
('CUR_E4', 'RG_CUR', 'RG_CUR_E', 'Dimbles Lane', 158, 281, NULL, 'M', '128.5', NULL, NULL, NULL, NULL, NULL, NULL, NULL, NULL),
('CUR_N1', 'RG_CUR', 'RG_CUR_N', 'Norwich', 149, 306, NULL, 'M', '95', NULL, NULL, NULL, NULL, NULL, NULL, NULL, NULL),
('CUR_N2', 'RG_CUR', 'RG_CUR_N', 'Lincoln', 181, 322, 0.71, 'H', '21', NULL, NULL, NULL, NULL, NULL, NULL, NULL, NULL),
('CUR_N3', 'RG_CUR', 'RG_CUR_N', 'Saxon Gate', 181, 322, 0.71, '?', '?', NULL, NULL, NULL, NULL, NULL, NULL, NULL, NULL),
('CUR_S1', 'RG_CUR', 'RG_CUR_S', 'Leyfields', 112, 205, 8.86, 'M', '141', NULL, NULL, NULL, NULL, NULL, NULL, NULL, NULL),
('CUR_S2', 'RG_CUR', 'RG_CUR_S', 'Ponesfield', 174, 363, 1.26, 'L', '183', NULL, NULL, NULL, NULL, NULL, NULL, NULL, NULL),
('CUR_S3', 'RG_CUR', 'RG_CUR_S', 'Purcell Ave', 159, 267, 1.25, 'L', '147', NULL, NULL, NULL, NULL, NULL, NULL, NULL, NULL),
('LEO_A1', 'RG_LEO', 'RG_LEO_A', 'Hallam Park', 50, NULL, NULL, NULL, NULL, NULL, NULL, NULL, NULL, NULL, NULL, NULL, NULL),
('LEO_C1', 'RG_LEO', 'RG_LEO_C', 'Walsall Rd', 226, 444, NULL, 'M', '98', NULL, NULL, NULL, NULL, NULL, NULL, NULL, NULL),
('LEO_C2', 'RG_LEO', 'RG_LEO_C', 'Christchurch Ln', 249, 459, NULL, 'M', '76', NULL, NULL, NULL, NULL, NULL, NULL, NULL, NULL),
('LEO_C3', 'RG_LEO', 'RG_LEO_C', 'Walnut Walk', 181, 368, NULL, 'M', '101', NULL, NULL, NULL, NULL, NULL, NULL, NULL, NULL),
('LEO_C4', 'RG_LEO', 'RG_LEO_C', 'Whithouse Dr', 163, 296, NULL, 'H', '9', NULL, NULL, NULL, NULL, NULL, NULL, NULL, NULL),
('LEO_C5', 'RG_LEO', 'RG_LEO_C', 'Blakeman Way', 132, 264, NULL, 'H', '20', NULL, NULL, NULL, NULL, NULL, NULL, NULL, NULL),
('LEO_C6', 'RG_LEO', 'RG_LEO_C', 'St Foy Ave', 126, 204, NULL, 'H', '1', NULL, NULL, NULL, NULL, NULL, NULL, NULL, NULL),
('LEO_C7', 'RG_LEO', 'RG_LEO_C', 'Deykin Rd (part) ', 176, 311, NULL, 'H', '3', NULL, NULL, NULL, NULL, NULL, NULL, NULL, NULL),
('LEO_C8', 'RG_LEO', 'RG_LEO_C', 'Sandfield Meadow', 188, 342, NULL, 'H', '8', NULL, NULL, NULL, NULL, NULL, NULL, NULL, NULL),
('LEO_C9', 'RG_LEO', 'RG_LEO_C', 'Lawrence Way', 103, 231, NULL, 'M', '91', NULL, NULL, NULL, NULL, NULL, NULL, NULL, NULL),
('LEO_N1', 'RG_LEO', 'RG_LEO_N', 'Beacon St', 168, 287, NULL, 'M', '82', NULL, NULL, NULL, NULL, NULL, NULL, NULL, NULL),
('LEO_N2', 'RG_LEO', 'RG_LEO_N', 'Harrington Walk', 212, 393, NULL, 'M', '93', NULL, NULL, NULL, NULL, NULL, NULL, NULL, NULL),
('LEO_N3', 'RG_LEO', 'RG_LEO_N', 'Parkside Ct', 106, 159, NULL, 'M', '84', NULL, NULL, NULL, NULL, NULL, NULL, NULL, NULL),
('LEO_N4', 'RG_LEO', 'RG_LEO_N', 'Mary Slater', 90, 172, 1.75, 'H', '69', NULL, NULL, NULL, NULL, NULL, NULL, NULL, NULL),
('LEO_N5', 'RG_LEO', 'RG_LEO_N', 'Ferndale Rd', 201, 380, NULL, 'M', '110', NULL, NULL, NULL, NULL, NULL, NULL, NULL, NULL),
('LEO_W1', 'RG_LEO', 'RG_LEO_W', 'Bham Rd (part)', 197, 315, NULL, 'M', '74', NULL, NULL, NULL, NULL, NULL, NULL, NULL, NULL),
('LEO_W2', 'RG_LEO', 'RG_LEO_W', 'Swan Rd', 186, 261, NULL, 'H', '6', NULL, NULL, NULL, NULL, NULL, NULL, NULL, NULL),
('LEO_W3', 'RG_LEO', 'RG_LEO_W', 'Lower Sandford St', 237, 310, NULL, 'M', '105', NULL, NULL, NULL, NULL, NULL, NULL, NULL, NULL),
('LEO_X1', 'RG_LEO', 'RG_LEO_X', 'Walsall Rd extension', NULL, NULL, NULL, NULL, NULL, NULL, NULL, NULL, NULL, NULL, NULL, NULL, NULL),
('LEO_X2', 'RG_LEO', 'RG_LEO_X', 'Vacant Roads', NULL, NULL, NULL, NULL, NULL, NULL, NULL, NULL, NULL, NULL, NULL, NULL, NULL),
('STJ_C1', 'RG_STJ', 'RG_STJ_C', 'Scott Close', 155, 274, NULL, 'M', '124', NULL, NULL, NULL, NULL, NULL, NULL, NULL, NULL),
('STJ_C2', 'RG_STJ', 'RG_STJ_C', 'Chapel Lane', 126, 226, NULL, 'M', '114', NULL, NULL, NULL, NULL, NULL, NULL, NULL, NULL),
('STJ_C3', 'RG_STJ', 'RG_STJ_C', 'Dovehouse Fields', 102, 196, NULL, 'M', '100', NULL, NULL, NULL, NULL, NULL, NULL, NULL, NULL),
('STJ_C4', 'RG_STJ', 'RG_STJ_C', 'Trafalgar Way', 163, 291, NULL, 'H', '4', NULL, NULL, NULL, NULL, NULL, NULL, NULL, NULL),
('STJ_C5', 'RG_STJ', 'RG_STJ_C', 'Shortbutts Lane', 183, 352, NULL, 'M', '85', NULL, NULL, NULL, NULL, NULL, NULL, NULL, NULL),
('STJ_C6', 'RG_STJ', 'RG_STJ_C', 'Bham Rd', 121, 213, NULL, 'H', '7', NULL, NULL, NULL, NULL, NULL, NULL, NULL, NULL),
('STJ_E1', 'RG_STJ', 'RG_STJ_E', 'Upper St John St', 133, 216, NULL, 'H', '40', NULL, NULL, NULL, NULL, NULL, NULL, NULL, NULL),
('STJ_E2', 'RG_STJ', 'RG_STJ_E', 'Cherry Orchard', 210, 395, NULL, 'H', '5', NULL, NULL, NULL, NULL, NULL, NULL, NULL, NULL),
('STJ_E3', 'RG_STJ', 'RG_STJ_E', 'Beech Gds', 202, 388, NULL, 'M', '109', NULL, NULL, NULL, NULL, NULL, NULL, NULL, NULL),
('STJ_E4', 'RG_STJ', 'RG_STJ_E', 'Tamworth Road', 105, 183, NULL, 'M', '77', NULL, NULL, NULL, NULL, NULL, NULL, NULL, NULL),
('STJ_E5', 'RG_STJ', 'RG_STJ_E', 'Borrowcop', 161, 349, NULL, 'L', '167', NULL, NULL, NULL, NULL, NULL, NULL, NULL, NULL),
('STJ_E6', 'RG_STJ', 'RG_STJ_E', 'Wentworth Dr', 144, 302, NULL, 'L', '170', NULL, NULL, NULL, NULL, NULL, NULL, NULL, NULL),
('STJ_E7', 'RG_STJ', 'RG_STJ_E', 'Manor Rise', 107, 228, NULL, 'L', '146', NULL, NULL, NULL, NULL, NULL, NULL, NULL, NULL),
('STJ_E8', 'RG_STJ', 'RG_STJ_E', 'Longbridge', 148, 305, NULL, 'L', '166', NULL, NULL, NULL, NULL, NULL, NULL, NULL, NULL),
('STJ_W1', 'RG_STJ', 'RG_STJ_W', 'Chesterfield Rd', 164, 323, NULL, 'H', '68', NULL, NULL, NULL, NULL, NULL, NULL, NULL, NULL),
('STJ_W2', 'RG_STJ', 'RG_STJ_W', 'Agincourt', 207, 389, NULL, 'H', '11', NULL, NULL, NULL, NULL, NULL, NULL, NULL, NULL),
('STJ_X1', 'RG_STJ', 'RG_STJ_X', 'No Walk', NULL, NULL, NULL, NULL, NULL, NULL, NULL, NULL, NULL, NULL, NULL, NULL, NULL),
('STJ_XW', 'RG_STJ', 'RG_STJ_X', 'Dont Walk', NULL, NULL, NULL, NULL, NULL, NULL, NULL, NULL, NULL, NULL, NULL, NULL, NULL),
('STW_C1', 'RG_STW', 'RG_STW_C', 'Stowe St', 140, 209, NULL, 'M', '132', NULL, NULL, NULL, NULL, NULL, NULL, NULL, NULL),
('STW_C2', 'RG_STW', 'RG_STW_C', 'St Michael Road', 149, 263, NULL, 'M', '94', NULL, NULL, NULL, NULL, NULL, NULL, NULL, NULL),
('STW_C3', 'RG_STW', 'RG_STW_C', 'Wissage Rd', 100, 292, NULL, 'H', '64.5', NULL, NULL, NULL, NULL, NULL, NULL, NULL, NULL),
('STW_E1', 'RG_STW', 'RG_STW_S', 'Lower Trent Valley Road', 189, 352, NULL, 'H', '30.5', NULL, NULL, NULL, NULL, NULL, NULL, NULL, NULL),
('STW_E2', 'RG_STW', 'RG_STW_E', 'Rocklands Cres', 140, 253, NULL, 'M', '127', NULL, NULL, NULL, NULL, NULL, NULL, NULL, NULL),
('STW_E3', 'RG_STW', 'RG_STW_E', 'Valley Lane', 145, 257, NULL, 'M', '103', NULL, NULL, NULL, NULL, NULL, NULL, NULL, NULL),
('STW_E4', 'RG_STW', 'RG_STW_E', 'Hobs Road', 154, 229, NULL, 'H', '52', NULL, NULL, NULL, NULL, NULL, NULL, NULL, NULL),
('STW_E5', 'RG_STW', 'RG_STW_E', 'Scotch Orchard', 138, 271, NULL, 'M', '104', NULL, NULL, NULL, NULL, NULL, NULL, NULL, NULL),
('STW_E6', 'RG_STW', 'RG_STW_E', 'Eastern Ave', 110, 211, NULL, 'H', '59', NULL, NULL, NULL, NULL, NULL, NULL, NULL, NULL),
('STW_N1', 'RG_STW', 'RG_STW_N', 'Gilbert Road', 205, 352, NULL, 'L', '145', NULL, NULL, NULL, NULL, NULL, NULL, NULL, NULL),
('STW_N2', 'RG_STW', 'RG_STW_N', 'Chadswell Heights', 141, 261, NULL, 'H', '43', NULL, NULL, NULL, NULL, NULL, NULL, NULL, NULL),
('STW_N3', 'RG_STW', 'RG_STW_N', 'York Close', 132, 254, NULL, 'M', '75', NULL, NULL, NULL, NULL, NULL, NULL, NULL, NULL),
('STW_N4', 'RG_STW', 'RG_STW_N', 'Fecknam Way', 168, 313, NULL, 'L', '165', NULL, NULL, NULL, NULL, NULL, NULL, NULL, NULL),
('STW_S1', 'RG_STW', 'RG_STW_S', 'Maxwell Close', 139, 230, NULL, 'H', '49.5', NULL, NULL, NULL, NULL, NULL, NULL, NULL, NULL),
('STW_S2', 'RG_STW', 'RG_STW_S', 'Maryvale Court', 121, 205, NULL, 'L', '155', NULL, NULL, NULL, NULL, NULL, NULL, NULL, NULL),
('STW_S3', 'RG_STW', 'RG_STW_S', 'BORW', 188, 381, NULL, 'M', '79', NULL, NULL, NULL, NULL, NULL, NULL, NULL, NULL),
('STW_W1', 'RG_STW', 'RG_STW_W', 'Close', 114, 177, NULL, 'H', '32', NULL, NULL, NULL, NULL, NULL, NULL, NULL, NULL),
('STW_W2', 'RG_STW', 'RG_STW_W', 'Bird St', 244, 338, NULL, 'H', '10', NULL, NULL, NULL, NULL, NULL, NULL, NULL, NULL),
('STW_W3', 'RG_STW', 'RG_STW_W', 'Wade Street', 130, 166, NULL, 'H', '12', NULL, NULL, NULL, NULL, NULL, NULL, NULL, NULL);

-- --------------------------------------------------------

--
-- Table structure for table `roadgrouptostreet`
--

DROP TABLE IF EXISTS `roadgrouptostreet`;
CREATE TABLE IF NOT EXISTS `roadgrouptostreet` (
  `seq` int(11) NOT NULL AUTO_INCREMENT,
  `street` varchar(40) DEFAULT NULL,
  `part` varchar(10) DEFAULT NULL,
  `pd` varchar(10) DEFAULT NULL,
  `roadgroupid` varchar(20) DEFAULT NULL,
  `year` int(4) DEFAULT NULL,
  PRIMARY KEY (`seq`)
) ENGINE=InnoDB AUTO_INCREMENT=562 DEFAULT CHARSET=utf8;

--
-- Truncate table before insert `roadgrouptostreet`
--

TRUNCATE TABLE `roadgrouptostreet`;
--
-- Dumping data for table `roadgrouptostreet`
--

INSERT INTO `roadgrouptostreet` (`seq`, `street`, `part`, `pd`, `roadgroupid`, `year`) VALUES
(1, 'Anglesey Road', '', 'RH', 'CUR_E4', 2020),
(2, 'Barratt Court', '', 'RJ', 'CUR_N3', 2020),
(3, 'Bloomfield Crescent', '', 'RH', 'CUR_E3', 2020),
(4, 'Cain Close', '', 'RJ', 'CUR_N3', 2020),
(5, 'David Garrick Gardens', '', 'RH', 'CUR_E3', 2020),
(6, 'Dimbles Hill', 'RH', 'RH', 'CUR_S1', 2020),
(7, 'Dimbles Hill', 'RK', 'RK', 'CUR_S1', 2020),
(8, 'Dimbles Lane', 'REa', 'RE', 'CUR_E4', 2020),
(9, 'Dimbles Lane', 'RF', 'RF', 'CUR_E4', 2020),
(10, 'Dimbles Lane', 'RH', 'RH', 'CUR_E4', 2020),
(11, 'Elgar Close', '', 'RJ', 'CUR_S3', 2020),
(12, 'Field Road', '', 'RJ', 'CUR_E2', 2020),
(13, 'Francis Road', '', 'RH', 'CUR_E1', 2020),
(14, 'Giles Road', '', 'RH', 'CUR_E1', 2020),
(15, 'Handel Walk', '', 'RJ', 'CUR_S2', 2020),
(16, 'Hawkins Close', '', 'RH', 'CUR_E3', 2020),
(17, 'Hewitt Close', '', 'RH', 'CUR_E3', 2020),
(18, 'Kilby Avenue', '', 'RJ', 'CUR_N3', 2020),
(19, 'Leyfields', '', 'RH', 'CUR_S1', 2020),
(20, 'Lincoln Close', '', 'RJ', 'CUR_N2', 2020),
(21, 'Miller Close', '', 'RJ', 'CUR_S1', 2020),
(22, 'Norwich Close', '', 'RJ', 'CUR_N1', 2020),
(23, 'Paget Close', '', 'RH', 'CUR_S1', 2020),
(24, 'Pones Green', '', 'RJ', 'CUR_S2', 2020),
(25, 'Ponesfield Road', 'RH', 'RH', 'CUR_S2', 2020),
(26, 'Ponesfield Road', 'RJ', 'RJ', 'CUR_S2', 2020),
(27, 'Purcell Avenue', '', 'RJ', 'CUR_S3', 2020),
(28, 'Salisbury Close', '', 'RJ', 'CUR_N2', 2020),
(29, 'Samuel Close', '', 'RJ', 'CUR_S3', 2020),
(30, 'Southwark Close', '', 'RJ', 'CUR_N1', 2020),
(31, 'St. Annes Road', '', 'RH', 'CUR_E2', 2020),
(32, 'St. Catherines Road', '', 'RH', 'CUR_E2', 2020),
(33, 'St. Helens Road', '', 'RH', 'CUR_E2', 2020),
(34, 'St. Margarets Road', '', 'RH', 'CUR_E2', 2020),
(35, 'St. Marys Road', '', 'RH', 'CUR_E2', 2020),
(36, 'Stychbrook Gardens', '', 'RJ', 'CUR_S2', 2020),
(37, 'Thomas Lane', '', 'RJ', 'CUR_N3', 2020),
(38, 'Truro Close', '', 'RJ', 'CUR_N1', 2020),
(39, 'Vallentin Way', '', 'RJ', 'CUR_N3', 2020),
(40, 'Wassall Lane', '', 'RJ', 'CUR_N3', 2020),
(41, 'Watchman Close', '', 'RJ', 'CUR_N3', 2020),
(42, 'Watery Lane', '', 'RJ', 'CUR_N3', 2020),
(45, 'Willow Tree Close', '', 'RH', 'CUR_E4', 2020),
(46, 'Winchester Close', '', 'RJ', 'CUR_N2', 2020),
(47, 'Worcester Close', '', 'RJ', 'CUR_N1', 2020),
(48, 'Curborough Road', 'RHa', 'RH', 'CUR_C1', 2020),
(49, 'Curborough Road', 'RJ', 'RJ', 'CUR_C1', 2020),
(50, 'Curborough Road', 'RK', 'RK', 'CUR_C1', 2020),
(51, 'Barn Close', '', 'RJ', 'CUR_C3', 2020),
(52, 'Dimbles Lane', 'REb', 'RE', 'CUR_E4', 2020),
(53, 'Dimbles Lane', 'RG', 'RG', 'CUR_E4', 2020),
(54, 'Dimbles Lane', 'RK', 'RK', 'CUR_E4', 2020),
(55, 'Gloucester Close', '', 'RJ', 'CUR_N1', 2020),
(56, 'Oakley Close', '', 'RJ', 'CUR_S3', 2020),
(57, 'Reynolds Close', '', 'RH', 'CUR_E4', 2020),
(58, 'The Garth', '', 'RH', 'CUR_C1', 2020),
(60, 'Meadowbrook Road', '', 'RJ', 'CUR_C2', 2020),
(61, 'Harwood Road', '', 'RJ', 'CUR_C2', 2020),
(62, 'Jackson Road', '', 'RJ', 'CUR_C2', 2020),
(63, 'Simpson Road', '', 'RJ', 'CUR_C2', 2020),
(64, 'Ploughmans Walk', '', 'RJ', 'CUR_C3', 2020),
(65, 'Fallow Field', '', 'RJ', 'CUR_C3', 2020),
(66, 'Shepherd Close', '', 'RJ', 'CUR_C3', 2020),
(67, 'Giles Road', '', 'RH', 'CUR_E1', 2020),
(68, 'Francis Road', '', 'RH', 'CUR_E1', 2020),
(69, 'Field Road', '', 'RJ', 'CUR_E2', 2020),
(70, 'St. Catherines Road', '', 'RH', 'CUR_E2', 2020),
(71, 'St. Annes Road', '', 'RH', 'CUR_E2', 2020),
(72, 'St. Margarets Road', '', 'RH', 'CUR_E2', 2020),
(73, 'St. Helens Road', '', 'RH', 'CUR_E2', 2020),
(74, 'St. Marys Road', '', 'RH', 'CUR_E2', 2020),
(75, 'Abbotsford Road', '', 'RB', 'BLY_C1', 2020),
(76, 'Epsom Close', '', 'RB', 'BLY_C1', 2020),
(77, 'Goodwood Close', '', 'RB', 'BLY_C1', 2020),
(78, 'Romilly Close', '', 'RB', 'BLY_C1', 2020),
(79, 'Bloomsbury Way', '', 'RB', 'BLY_C1', 2020),
(80, 'Cranleigh Way', '', 'RB', 'BLY_C1', 2020),
(81, 'Havefield Avenue', '', 'RB', 'BLY_C1', 2020),
(82, 'Ascot Close', '', 'RB', 'BLY_C1', 2020),
(83, 'Lawford Avenue', '', 'RB', 'BLY_C1', 2020),
(84, 'Alder Close', '', 'RA', 'BLY_E1', 2020),
(85, 'Birchwood Road', '', 'RA', 'BLY_E1', 2020),
(86, 'Maple Grove', '', 'RA', 'BLY_E1', 2020),
(87, 'Coppice Grove', '', 'RA', 'BLY_E1', 2020),
(88, 'The Pines', '', 'RA', 'BLY_E1', 2020),
(89, 'Ashmole Close', '', 'RA', 'BLY_E5', 2020),
(90, 'Bracken Close', '', 'RA', 'BLY_E5', 2020),
(91, 'Wightman Close', '', 'RA', 'BLY_E5', 2020),
(92, 'Ryknild Street', 'RAa', 'RA', 'BLY_E5', 2020),
(94, 'Darnford Moors', '', 'RA', 'BLY_E4', 2020),
(95, 'The Spires', '', 'RA', 'BLY_E4', 2020),
(96, 'Hartslade', '', 'RA', 'BLY_E4', 2020),
(97, 'Freeford Gardens', '', 'RA', 'BLY_E4', 2020),
(98, 'Gable Croft', '', 'RA', 'BLY_E3', 2020),
(100, 'Sheriffs Close', '', 'RA', 'BLY_E3', 2020),
(101, 'Tudor Close', '', 'RA', 'BLY_E3', 2020),
(102, 'Warren Close', '', 'RA', 'BLY_E3', 2020),
(103, 'Cedar Close', '', 'RA', 'BLY_E2', 2020),
(104, 'Curlew Close', '', 'RA', 'BLY_E2', 2020),
(105, 'Willowsmere Drive', '', 'RA', 'BLY_E2', 2020),
(106, 'Larch Close', '', 'RA', 'BLY_E2', 2020),
(107, 'Walnut Grove', '', 'RA', 'BLY_E2', 2020),
(108, 'Keepers Close', '', 'RA', 'BLY_E3', 2020),
(109, 'Elias Close', '', 'RA', 'BLY_E5', 2020),
(110, 'Park End', '', 'RA', 'BLY_E2', 2020),
(111, 'Baskeyfield Close', '', 'RB', 'BLY_C2', 2020),
(112, 'Coltman Close', '', 'RB', 'BLY_C2', 2020),
(113, 'Carmichael Close', '', 'RB', 'BLY_C2', 2020),
(114, 'Flinn Close', '', 'RB', 'BLY_C2', 2020),
(115, 'Boley Cottage Lane', '', 'RB', 'BLY_C3', 2020),
(116, 'Heritage Court', '', 'RB', 'BLY_C3', 2020),
(117, 'Haymoor', '', 'RB', 'BLY_C3', 2020),
(118, 'Richmond Drive', '', 'RB', 'BLY_C3', 2020),
(121, 'Cross Lane', '', 'RB', 'BLY_C3', 2020),
(122, 'Sunbury Avenue', '', 'RB', 'BLY_C1', 2020),
(123, 'Broadlands Rise', '', 'RB1', 'BLY_W1', 2020),
(124, 'Holywell Rise', '', 'RB1', 'BLY_W1', 2020),
(126, 'Mawgan Drive', '', 'RB1', 'BLY_W1', 2020),
(127, 'Newlyn Close', '', 'RB1', 'BLY_W1', 2020),
(128, 'Pentire Road', '', 'RB1', 'BLY_W1', 2020),
(129, 'The Brambles', '', 'RB1', 'BLY_W1', 2020),
(130, 'Tregony Rise', '', 'RB1', 'BLY_W1', 2020),
(131, 'Trenance Close', '', 'RB1', 'BLY_W1', 2020),
(132, 'Boley Lane', 'RB1', 'RB1', 'BLY_W1', 2020),
(133, 'Cornfield Drive', '', 'RC', 'BLY_N1', 2020),
(134, 'Burton Old Road East', '', 'RC', 'BLY_N1', 2020),
(135, 'Netherbridge Avenue', '', 'RC', 'BLY_N1', 2020),
(136, 'Maybank Close', '', 'RC', 'BLY_N1', 2020),
(138, 'Lambourne Close', '', 'RC', 'BLY_N1', 2020),
(139, 'Gorsty Bank', '', 'RC', 'BLY_N2', 2020),
(140, 'Lewis Close', '', 'RC', 'BLY_N2', 2020),
(141, 'Spearhill', '', 'RC', 'BLY_N2', 2020),
(142, 'Yew Tree Avenue', '', 'RC', 'BLY_N2', 2020),
(145, 'Aspen Close', '', 'RD', 'STW_E1', 2020),
(146, 'Mulberry Drive', '', 'RD', 'STW_E1', 2020),
(147, 'Witley Drive', '', 'RD', 'STW_E1', 2020),
(148, 'Ash Grove', '', 'RD', 'STW_S3', 2020),
(149, 'Aiden Court Road', '', 'RD', 'STW_S1', 2020),
(150, 'Deans Croft', '', 'RD', 'STW_S1', 2020),
(151, 'Rotten Row', 'RD', 'RD', 'STW_S1', 2020),
(152, 'Beechfield Rise', '', 'RD', 'STW_S3', 2020),
(153, 'Birch Grove', '', 'RD', 'STW_S3', 2020),
(154, 'Burton Old Road West', '', 'RD', 'STW_S3', 2020),
(155, 'Rowan Close', '', 'RD', 'STW_S3', 2020),
(157, 'Laurel Close', '', 'RD', 'STW_S3', 2020),
(158, 'Hawthorn Close', '', 'RD', 'STW_S3', 2020),
(159, 'Lime Grove', '', 'RD', 'STW_S3', 2020),
(160, 'Blackthorne Road', '', 'RD', 'STW_S2', 2020),
(161, 'Bluebird Close', '', 'RD', 'STW_S2', 2020),
(162, 'Hawkesmoor Drive', '', 'RD', 'STW_S2', 2020),
(163, 'Henderson Close', '', 'RD', 'STW_S2', 2020),
(164, 'Maryvale Court', '', 'RD', 'STW_S2', 2020),
(165, 'Copperfields', '', 'RD', 'STW_S2', 2020),
(166, 'Hawthorn House', '', 'RD', 'STW_S3', 2020),
(168, 'Sturgeons Hill', 'RD1', 'RD1', 'STW_S1', 2020),
(169, 'Southern Cross', '', 'RD', 'STW_S1', 2020),
(170, 'Roman Way', '', 'RD', 'STW_S2', 2020),
(171, 'Wissage Court', '', 'RD', 'STW_S3', 2020),
(173, 'Anson Avenue', '', 'RE', 'CHD_S3', 2020),
(174, 'Darwin Close', '', 'RE', 'CHD_S3', 2020),
(175, 'Lomax Close', '', 'RE', 'CHD_S3', 2020),
(176, 'The Windings', '', 'RE', 'CHD_S3', 2020),
(177, 'Brook Close', '', 'RE', 'CHD_S3', 2020),
(178, 'Prince Ruperts Way', '', 'RE', 'CHD_S3', 2020),
(179, 'Little Barrow Walk', '', 'RE', 'CHD_S3', 2020),
(180, 'Beacon Gardens', '', 'RE', 'CHD_S4', 2020),
(181, 'Forge Lane', '', 'RE', 'CHD_S4', 2020),
(182, 'Smithy Lane', '', 'RE', 'CHD_S4', 2020),
(183, 'Hillcrest Drive', '', 'RE', 'CHD_S4', 2020),
(184, 'Nether Beacon', '', 'RE', 'CHD_S4', 2020),
(185, 'Beacon Street', 'RE', 'RE', 'CHD_S4', 2020),
(186, 'Bell Close', '', 'RE', 'CHD_C2', 2020),
(187, 'Martin Croft', '', 'RE', 'CHD_C2', 2020),
(188, 'Giffords Croft', '', 'RE', 'CHD_C2', 2020),
(189, 'Swallow Croft', '', 'RE', 'CHD_C2', 2020),
(190, 'Thistley Nook', '', 'RE', 'CHD_C2', 2020),
(191, 'Wheel Lane', 'RE', 'RE', 'CHD_C2', 2020),
(192, 'Tuke Place', '', 'RE', 'CHD_C2', 2020),
(193, 'Crane Fields', '', 'RE', 'CHD_C4', 2020),
(194, 'Wood Ridings', '', 'RE', 'CHD_C4', 2020),
(195, 'Friday Acre', '', 'RE', 'CHD_C3', 2020),
(196, 'Woods Croft', '', 'RE', 'CHD_C3', 2020),
(197, 'The Leasowe', '', 'RE', 'CHD_C3', 2020),
(198, 'Augustines Walk', '', 'RF', 'CHD_N3', 2020),
(199, 'Christophers Walk', '', 'RF', 'CHD_N3', 2020),
(200, 'James Greenway', '', 'RF', 'CHD_N3', 2020),
(201, 'Judes Walk', '', 'RF', 'CHD_N3', 2020),
(202, 'Matthews Walk', '', 'RF', 'CHD_N3', 2020),
(203, 'Marks Walk', '', 'RF', 'CHD_N3', 2020),
(204, 'Pauls Walk', '', 'RF', 'CHD_N3', 2020),
(205, 'Lukes Walk', '', 'RF', 'CHD_N3', 2020),
(206, 'Peters Walk', '', 'RF', 'CHD_N3', 2020),
(207, 'Stephens Walk', '', 'RF', 'CHD_N3', 2020),
(208, 'Thomas Greenway', '', 'RF', 'CHD_N3', 2020),
(209, 'Needwood Hill', '', 'RF', 'CHD_N3', 2020),
(210, 'Booth Close', 'Rf', 'RF', 'CHD_C1', 2020),
(211, 'Collins Hill', '', 'RF', 'CHD_C1', 2020),
(212, 'Greencroft', '', 'RF', 'CHD_C1', 2020),
(213, 'Oakenfield', '', 'RF', 'CHD_C1', 2020),
(214, 'Pipers Croft', '', 'RF', 'CHD_C1', 2020),
(215, 'Windmill Lane', 'RF', 'RF', 'CHD_C1', 2020),
(216, 'Needwood Mews', '', 'RF', 'CHD_N3', 2020),
(217, 'Grange Lane', 'RG', 'RG', 'CHD_N2', 2020),
(218, 'Heenan Grove', '', 'RG', 'CHD_N2', 2020),
(219, 'Newton Road', '', 'RG', 'CHD_N2', 2020),
(220, 'Wolsey Road', '', 'RG', 'CHD_N2', 2020),
(221, 'Small Ridge', '', 'RG', 'CHD_N2', 2020),
(223, 'Spires Care Home', '', 'RG', 'CHD_N2', 2020),
(224, 'Garrick Close', '', 'RG1', 'CHD_N1', 2020),
(225, 'Garrick Road', '', 'RG1', 'CHD_N1', 2020),
(226, 'Irving Close', '', 'RG1', 'CHD_N1', 2020),
(227, 'Kean Close', 'RG1', 'RG1', 'CHD_N1', 2020),
(228, 'Siddons Close', '', 'RG1', 'CHD_N1', 2020),
(229, 'Longstaff Croft', 'RG1', 'RG1', 'CHD_N1', 2020),
(230, 'Terry Close', '', 'RG1', 'CHD_N1', 2020),
(231, 'Beecroft Avenue', '', 'RK', 'CHD_S1', 2020),
(232, 'Bulldog Lane', '', 'RK', 'CHD_S1', 2020),
(233, 'Gaiafields Road', '', 'RK', 'CHD_S1', 2020),
(234, 'Gaialands Crescent', '', 'RK', 'CHD_S1', 2020),
(235, 'Vale Close', '', 'RK', 'CHD_S1', 2020),
(236, 'Gaia Stowe', '', 'RK', 'CHD_S2', 2020),
(237, 'The Parchments', '', 'RK', 'CHD_S2', 2020),
(238, 'Gaia Lane', 'RK', 'RK', 'CHD_S2', 2020),
(239, 'The Charters', '', 'RK', 'CHD_S1', 2020),
(240, 'Abnalls Lane', '', 'RL', 'LEO_N2', 2020),
(241, 'Abnalls Croft', '', 'RL', 'LEO_N2', 2020),
(242, 'Cross In Hand Lane', '', 'RL', 'LEO_N2', 2020),
(243, 'Patrick Mews', '', 'RL', 'LEO_N2', 2020),
(244, 'Lynfield Road', '', 'RL', 'LEO_N2', 2020),
(245, 'Hayes View', '', 'RL', 'LEO_N2', 2020),
(246, 'Harrington Walk', '', 'RL', 'LEO_N2', 2020),
(247, 'Ferndale Road', '', 'RL', 'LEO_N5', 2020),
(248, 'Orchard Close', '', 'RL', 'LEO_N5', 2020),
(249, 'Nursery Croft', '', 'RL', 'LEO_N5', 2020),
(250, 'Little Grange', '', 'RL', 'LEO_N5', 2020),
(251, 'High Grange', '', 'RL', 'LEO_N5', 2020),
(252, 'Fern Croft', '', 'RL', 'LEO_N5', 2020),
(253, 'Beacon Mews', '', 'RL', 'LEO_N3', 2020),
(254, 'Erasmus Way', '', 'RL', 'LEO_N3', 2020),
(255, 'Greenhough Road', '', 'RL', 'LEO_N3', 2020),
(256, 'Jordan Close', '', 'RL', 'LEO_N3', 2020),
(257, 'Lillington Close', '', 'RL', 'LEO_N3', 2020),
(258, 'Seckham Road', '', 'RL', 'LEO_N3', 2020),
(259, 'Shaw Lane', 'RL', 'RL', 'LEO_N3', 2020),
(260, 'Lyn Avenue', '', 'RL', 'LEO_N1', 2020),
(261, 'Pinfold Road', '', 'RL', 'LEO_N2', 2020),
(262, 'Parkside Court', '', 'RL', 'LEO_N3', 2020),
(263, 'Springfield Gardens', '', 'RL', 'LEO_N5', 2020),
(264, 'Swinfen Broun Road', '', 'RL', 'LEO_N3', 2020),
(265, 'Angorfa Close', '', 'RM1', 'LEO_C1', 2020),
(266, 'Walsall Road', 'RM1', 'RM1', 'LEO_C1', 2020),
(267, 'Walsall Road', 'RM1b', 'RM1', 'LEO_C1', 2020),
(268, 'Victoria Gardens', '', 'RM1', 'LEO_C1', 2020),
(269, 'Sorrel Close', '', 'RM1', 'LEO_C1', 2020),
(270, 'Christchurch Gardens', '', 'RM1', 'LEO_C2', 2020),
(271, 'Christchurch Lane', '', 'RM1', 'LEO_C2', 2020),
(272, 'Leomansley Close', '', 'RM1', 'LEO_C2', 2020),
(273, 'Leomansley Road', '', 'RM1', 'LEO_C2', 2020),
(274, 'Leomansley View', '', 'RM1', 'LEO_C2', 2020),
(275, 'Royal Oak Close', '', 'RM1', 'LEO_C2', 2020),
(276, 'The Dell', '', 'RM1', 'LEO_C2', 2020),
(277, 'Halfpenny Lane', '', 'RM1', 'LEO_C2', 2020),
(278, 'Wilmott Close', '', 'RM1', 'LEO_C2', 2020),
(280, 'Saxon Walk', '', 'RM1', 'LEO_C2', 2020),
(281, 'Alesmore Meadow', '', 'RM2', 'LEO_C3', 2020),
(282, 'Bardell Close', '', 'RM2', 'LEO_C3', 2020),
(283, 'Chatterton Avenue', '', 'RM2', 'LEO_C3', 2020),
(284, 'Ormonds Close', '', 'RM2', 'LEO_C3', 2020),
(285, 'Poolfield Road', '', 'RM2', 'LEO_C3', 2020),
(286, 'Walnut Walk', '', 'RM2', 'LEO_C3', 2020),
(287, 'Lightwood Close', '', 'RM2', 'LEO_C4', 2020),
(288, 'Harman Drive', '', 'RM2', 'LEO_C4', 2020),
(289, 'Broadbent Close', '', 'RM2', 'LEO_C4', 2020),
(290, 'Caterbanck Way', '', 'RM2', 'LEO_C4', 2020),
(291, 'Colling Drive', '', 'RM2', 'LEO_C4', 2020),
(292, 'Whitehouse Drive', '', 'RM2', 'LEO_C4', 2020),
(293, 'Maddocke Walk', '', 'RM2', 'LEO_C4', 2020),
(294, 'Blakeman Way', '', 'RM2', 'LEO_C5', 2020),
(295, 'Deykin Road', 'RM2', 'RM2', 'LEO_C5', 2020),
(296, 'Thropp Close', '', 'RM2', 'LEO_C5', 2020),
(297, 'Trunkfield Meadow', '', 'RM2', 'LEO_C5', 2020),
(298, 'Stonynge Place', '', 'RM2', 'LEO_C5', 2020),
(299, 'Burwaye Close', '', 'RN1', 'LEO_C6', 2020),
(300, 'Ste Foy Avenue', '', 'RN1', 'LEO_C6', 2020),
(301, 'Chesterfield Road', 'RN1', 'RN1', 'LEO_C6', 2020),
(302, 'Larkin Avenue', '', 'RM2', 'LEO_A1', 2020),
(303, 'Marshall Road', '', 'RM2', 'LEO_A1', 2020),
(304, 'Neale Close', '', 'RM2', 'LEO_A1', 2020),
(305, 'Powell Drive', '', 'RM2', 'LEO_A1', 2020),
(306, 'Taylor Way', '', 'RM2', 'LEO_A1', 2020),
(307, 'St Chads Close', '', 'RH', 'CUR_S1', 2020),
(308, 'St Chads Road', 'RH', 'RH', 'CUR_S1', 2020),
(309, 'Stafford Road', 'RG1', 'RG1', 'CHD_N1', 2020),
(310, 'Saddlers Close', '', 'RC', 'BLY_N2', 2020),
(311, 'Austin Cote Lane', 'RC', 'RC', 'BLY_E1', 2020),
(312, 'Austin Cote Lane', 'RA', 'RA', 'BLY_E1', 2020),
(313, 'Darnford Lane', '', 'RA', 'BLY_E3', 2020),
(314, 'Ryknild Street', 'RAc', 'RA', 'BLY_E5', 2020),
(315, 'Ryknild Street', 'RAb', 'RA', 'BLY_E5', 2020),
(316, 'Broad Lane', 'RB', 'RB', 'BLY_C3', 2020),
(317, 'Broad Lane', 'RB1', 'RB1', 'BLY_C3', 2020),
(318, 'Livingstone Drive', '', 'RC', 'BLY_N1', 2020),
(319, 'The Crossings', '', 'RC', 'BLY_N1', 2020),
(320, 'Highfield Gardens', '', 'RB', 'BLY_C3', 2020),
(321, 'Sturgeons Hill', 'RD', 'RD', 'STJ_E3', 2020),
(322, 'Booth Close', 'RG', 'RG', 'CHD_N4', 2020),
(323, 'Windmill Lane', 'RG', 'RG', 'CHD_N4', 2020),
(324, 'Weston Road', 'RE', 'RE', 'CHD_N4', 2020),
(325, 'Weston Road', 'RG', 'RG', 'CHD_N4', 2020),
(326, 'Windmill Close', '', 'RG', 'CHD_N4', 2020),
(327, 'Weston Road', 'RH', 'RH', 'CHD_N4', 2020),
(328, 'Grange Lane', 'XW', 'RG', 'CHD_N2', 2020),
(329, 'Stafford Road', 'XW', 'RG', 'CHD_N1', 2020),
(330, 'Curborough Road', 'RHc', 'RH', 'CHD_S2', 2020),
(331, 'Curborough Road', 'RHba', 'RH', 'CHD_S2', 2020),
(332, 'Dimbles Lane', 'RHb', 'RH', 'CHD_C4', 2020),
(333, 'Dimbles Lane', 'RHa', 'RH', 'CHD_C4', 2020),
(334, 'St Chads Road', 'RK', 'RK', 'CUR_S1', 2020),
(335, 'Beacon Street', 'RL', 'RL', 'LEO_N1', 2020),
(336, 'Stafford Road', 'RL', 'RL', 'LEO_N1', 2020),
(337, 'Wheel Lane', 'RL', 'RL', 'LEO_N5', 2020),
(338, 'Kean Close', 'RL', 'RL', 'CHD_N1', 2020),
(339, 'Longstaff Croft', 'RL', 'RL', 'CHD_N1', 2020),
(340, 'Walsall Road', 'RM1c', 'RM1', 'LEO_C1', 2020),
(341, 'Walsall Road', 'RM1a', 'RM1', 'LEO_C1', 2020),
(342, 'Deykin Road', 'RN1', 'RN1', 'LEO_C7', 2020),
(343, 'Boathouse Field', '', 'RN1', 'LEO_C7', 2020),
(344, 'Maxtock Avenue', '', 'RN1', 'LEO_C7', 2020),
(345, 'Tewe Place', '', 'RN1', 'LEO_C7', 2020),
(346, 'Sandfield Meadow', '', 'RN1', 'LEO_C8', 2020),
(347, 'Sandfield Close', '', 'RN1', 'LEO_C8', 2020),
(348, 'Ellsmore Meadow', '', 'RN1', 'LEO_C8', 2020),
(349, 'Thacker Drive', '', 'RN1', 'LEO_C8', 2020),
(350, 'Parnell Avenue', '', 'RN1', 'LEO_C8', 2020),
(351, 'Bains Drive', '', 'RN1', 'LEO_C8', 2020),
(352, 'Allington Avenue', '', 'RN1', 'LEO_C9', 2020),
(353, 'Newbold Close', '', 'RN1', 'LEO_C9', 2020),
(354, 'Heathcot Place', '', 'RN1', 'LEO_C9', 2020),
(355, 'Lawrence Way', '', 'RN1', 'LEO_C9', 2020),
(356, 'Parsons View', '', 'RN1', 'LEO_C9', 2020),
(357, 'The Whytmore', '', 'RN1', 'LEO_C9', 2020),
(359, 'Friary Gardens', '', 'RN2', 'LEO_N4', 2020),
(360, 'Mary Slater Road', '', 'RN2', 'LEO_N4', 2020),
(361, 'Friary Road', '', 'RN2', 'LEO_N4', 2020),
(362, 'Lanthorn Close', '', 'RN2', 'LEO_N4', 2020),
(363, 'St. Johns Close', '', 'RN2', 'LEO_W1', 2020),
(364, 'Birmingham Road', 'RN2', 'RN2', 'LEO_W1', 2020),
(365, 'The Friary', 'RN2', 'RN2', 'LEO_W1', 2020),
(366, 'Friary Avenue', '', 'RN2', 'LEO_W1', 2020),
(367, 'Bird Street', 'RN2', 'RN2', 'LEO_W2', 2020),
(368, 'Beacon Street', 'RN2', 'RN2', 'LEO_W2', 2020),
(369, 'Monks Close', '', 'RN2', 'LEO_W2', 2020),
(370, 'Sandford Street', '', 'RN2', 'LEO_W2', 2020),
(371, 'St John Street', 'RN2', 'RN2', 'LEO_W2', 2020),
(372, 'Swan Road', '', 'RN2', 'LEO_W2', 2020),
(373, 'Lower Sandford Street', '', 'RN2', 'LEO_W3', 2020),
(374, 'Queen Street', '', 'RN2', 'LEO_W3', 2020),
(375, 'Townfields', 'RN2', 'RN2', 'LEO_W3', 2020),
(376, 'Townfields', 'RM1', 'RM1', 'LEO_W3', 2020),
(377, 'Upper St. John Street', 'RN2', 'RN2', 'STJ_E1', 2020),
(378, 'Davidson Road', '', 'RP', 'STJ_E1', 2020),
(379, 'John Wilks Court', '', 'RP', 'STJ_E1', 2020),
(380, 'Upper St. John Street', 'RQ', 'RQ', 'STJ_E1', 2020),
(381, 'Shaw Lane', 'RN2', 'RN2', 'LEO_N3', 2020),
(382, 'Beacon Park', '', 'RN2', 'LEO_N3', 2020),
(383, 'Beatrice Court', '', 'RN2', 'LEO_N3', 2020),
(384, 'Marlborough Court', '', 'RN2', 'STW_W3', 2020),
(385, 'Castle Dyke', '', 'RS', 'STW_W3', 2020),
(386, 'Frog Lane', '', 'RS', 'STW_W3', 2020),
(387, 'St John Street', 'RS', 'RS', 'STW_W3', 2020),
(388, 'Fosseway Lane', 'RM2', 'RM2', 'LEO_X2', 2020),
(389, 'Stonneyland Drive', '', 'RN1', 'LEO_X2', 2020),
(390, 'Sandford Gate', '', 'RN2', 'LEO_W3', 2020),
(391, 'Walsall Road', 'RN2', 'RN2', 'LEO_W3', 2020),
(392, 'Balmoral Close', '', 'RP', 'STJ_E6', 2020),
(393, 'Quarry Hills Lane', 'RP', 'RP', 'STJ_E6', 2020),
(394, 'Wentworth Drive', '', 'RR', 'STJ_E6', 2020),
(395, 'Hunter Close', '', 'RR', 'STJ_E6', 2020),
(396, 'Grosvenor Close', '', 'RP', 'STJ_E6', 2020),
(397, 'Beech Gardens', '', 'RP', 'STJ_E3', 2020),
(398, 'Hazel Grove', '', 'RP', 'STJ_E3', 2020),
(399, 'Oakhurst', '', 'RP', 'STJ_E3', 2020),
(400, 'Boley Close', '', 'RP', 'STJ_E3', 2020),
(401, 'Boley Lane', 'RP', 'RP', 'STJ_E3', 2020),
(402, 'Elm Gardens', '', 'RP', 'STJ_E3', 2020),
(403, 'Blackberry Avenue', '', 'RP', 'STJ_E2', 2020),
(404, 'Cherry Orchard', '', 'RP', 'STJ_E2', 2020),
(405, 'Greenwood Drive', '', 'RP', 'STJ_E2', 2020),
(406, 'High Croft Crescent', '', 'RP', 'STJ_E2', 2020),
(407, 'Mesnes Green', '', 'RP', 'STJ_E2', 2020),
(408, 'Pear Tree Close', '', 'RP', 'STJ_E2', 2020),
(409, 'Strawberry Lane', '', 'RP', 'STJ_E2', 2020),
(410, 'Robert Davies Walk', '', 'RP', 'STJ_E2', 2020),
(411, 'Sturgeons Hill', 'RP', 'RP', 'STJ_E3', 2020),
(412, 'The Squirrels', '', 'RP', 'STJ_E3', 2020),
(414, 'Wharf Close', '', 'RP', 'STJ_E2', 2020),
(415, 'Agincourt Road', '', 'RQ', 'STJ_W2', 2020),
(416, 'Alamein Way', '', 'RQ', 'STJ_W2', 2020),
(417, 'Armada Close', '', 'RQ', 'STJ_W2', 2020),
(418, 'Crecy Place', '', 'RQ', 'STJ_W2', 2020),
(420, 'Waterloo Croft', '', 'RQ', 'STJ_W2', 2020),
(421, 'Chesterfield Road', 'RQ', 'RQ', 'STJ_W1', 2020),
(422, 'Chesterfield Walk', '', 'RQ', 'STJ_W1', 2020),
(423, 'Fosseway', '', 'RQ', 'STJ_W1', 2020),
(424, 'Redlock Field', '', 'RQ', 'STJ_W1', 2020),
(425, 'Deans Slade Drive', '', 'RQ', 'STJ_W1', 2020),
(426, 'The Maltings', '', 'RQ', 'STJ_W1', 2020),
(427, 'Barnfield Close', '', 'RQ', 'STJ_C1', 2020),
(429, 'Kenilworth Road', '', 'RQ', 'STJ_C1', 2020),
(430, 'Ivanhoe Road', '', 'RQ', 'STJ_C1', 2020),
(431, 'Scott Close', '', 'RQ', 'STJ_C1', 2020),
(432, 'Waverley Walk', '', 'RQ', 'STJ_C1', 2020),
(433, 'Chapel Lane', '', 'RQ', 'STJ_C2', 2020),
(434, 'Chaucer Close', '', 'RQ', 'STJ_C2', 2020),
(435, 'Shakespeare Avenue', '', 'RQ', 'STJ_C2', 2020),
(436, 'Spencer Road', '', 'RQ', 'STJ_C2', 2020),
(437, 'Burns Close', '', 'RQ', 'STJ_C3', 2020),
(438, 'Masefield Close', '', 'RQ', 'STJ_C3', 2020),
(439, 'Stevenson Walk', '', 'RQ', 'STJ_C3', 2020),
(440, 'Dovehouse Fields', '', 'RQ', 'STJ_C3', 2020),
(441, 'Pasco Drive', '', 'RQ', 'STJ_C4', 2020),
(442, 'Hardy Place', '', 'RQ', 'STJ_C4', 2020),
(443, 'Nelson Close', '', 'RQ', 'STJ_C4', 2020),
(444, 'Victory Close', '', 'RQ', 'STJ_C4', 2020),
(445, 'Trafalgar Way', '', 'RQ', 'STJ_C4', 2020),
(446, 'The Paddock', '', 'RQ', 'STJ_C5', 2020),
(447, 'Shortbutts Lane', 'RQ', 'RQ', 'STJ_C5', 2020),
(448, 'Byron Avenue', '', 'RR', 'STJ_C5', 2020),
(449, 'Wordsworth Close', '', 'RR', 'STJ_C5', 2020),
(450, 'Sanders Way', '', 'RR', 'STJ_C5', 2020),
(451, 'The Sycamores', '', 'RQ', 'STJ_C5', 2020),
(452, 'Shortbutts Close', '', 'RR', 'STJ_C5', 2020),
(453, 'Birmingham Road', 'RQ', 'RQ', 'STJ_C6', 2020),
(454, 'Cairns Close', '', 'RQ', 'STJ_C6', 2020),
(455, 'Wyrley Close', '', 'RQ', 'STJ_C6', 2020),
(456, 'Foxglove Close', '', 'RQ', 'STJ_C6', 2020),
(457, 'Birmingham Road', 'RS', 'RS', 'STJ_C6', 2020),
(458, 'Tamworth Road', '', 'RR', 'STJ_E4', 2020),
(459, 'Gledhill Park', '', 'RR', 'STJ_E4', 2020),
(460, 'Borrowcop Lane', 'RQ', 'RQ', 'STJ_E5', 2020),
(461, 'Hillside', '', 'RR', 'STJ_E5', 2020),
(462, 'Minors Hill', '', 'RR', 'STJ_E5', 2020),
(463, 'Seward Close', '', 'RR', 'STJ_E5', 2020),
(464, 'Woodfields Drive', '', 'RR', 'STJ_E7', 2020),
(465, 'Gorse Lane', '', 'RR', 'STJ_E7', 2020),
(466, 'Manor Rise', 'RP', 'RP', 'STJ_E7', 2020),
(467, 'Manor Rise', 'RB1', 'RB1', 'STJ_E7', 2020),
(468, 'Cricket Lane', '', 'RR', 'STJ_E8', 2020),
(469, 'Cromwells Meadow', '', 'RR', 'STJ_E8', 2020),
(470, 'Longbridge Road', '', 'RR', 'STJ_E8', 2020),
(471, 'London Road', '', 'RR', 'STJ_E8', 2020),
(472, 'Marsh Lane', '', 'RR', 'STJ_E8', 2020),
(473, 'Quarry Hills Lane', 'RR', 'RR', 'STJ_E6', 2020),
(474, 'Buckingham Gardens', '', 'RQ', 'STJ_C2', 2020),
(475, 'Claypit Lane', '', 'RQ', 'LEO_X2', 2020),
(476, 'Falkland Road', '', 'RQ', 'LEO_X2', 2020),
(477, 'Fosseway Lane', 'RQ', 'RQ', 'LEO_X2', 2020),
(478, 'Borrowcop Lane', 'RR', 'RR', 'STJ_E5', 2020),
(479, 'Quarry Hills Close', '', 'RR', 'STJ_E6', 2020),
(480, 'Backcester Lane', '', 'RS', 'STW_W2', 2020),
(481, 'Bird Street', 'RS', 'RS', 'STW_W2', 2020),
(482, 'Bore Street', '', 'RS', 'STW_W2', 2020),
(483, 'Dam Street', '', 'RS', 'STW_W2', 2020),
(484, 'George Lane', '', 'RS', 'STW_W2', 2020),
(485, 'Cross Keys', '', 'RS', 'STW_W2', 2020),
(486, 'Greenhill', '', 'RS', 'STW_W2', 2020),
(487, 'Lombard Court', '', 'RS', 'STW_W2', 2020),
(488, 'Conduit Street', '', 'RS', 'STW_W2', 2020),
(489, 'Greenhill Mews', '', 'RS', 'STW_W2', 2020),
(490, 'Market Street', '', 'RS', 'STW_W2', 2020),
(491, 'Lombard Street', '', 'RS', 'STW_W2', 2020),
(492, 'The Old Stoneyard', '', 'RS', 'STW_W2', 2020),
(493, 'Tamworth Street', '', 'RS', 'STW_W2', 2020),
(494, 'Wade Street', '', 'RS', 'STW_W3', 2020),
(495, 'Minster Pool Walk', '', 'RS', 'STW_W2', 2020),
(496, 'Beacon Court', '', 'RS', 'STW_W1', 2020),
(497, 'Beacon Street', 'RS', 'RS', 'STW_W1', 2020),
(498, 'Gaia Lane', 'RS', 'RS', 'STW_W1', 2020),
(499, 'Cathedral Rise', '', 'RS', 'STW_W1', 2020),
(500, 'The Close', '', 'RS', 'STW_W1', 2020),
(501, 'Vicars Close', '', 'RS', 'STW_W1', 2020),
(502, 'Levetts Fields', '', 'RS', 'STW_S1', 2020),
(503, 'Maxwell Close', '', 'RS', 'STW_S1', 2020),
(504, 'Wissage Road', 'RD', 'RD', 'STW_C3', 2020),
(505, 'Wissage Croft', '', 'RT', 'STW_C3', 2020),
(506, 'The Woodlands', '', 'RX', 'STW_C3', 2020),
(507, 'Wissage Road', 'RT', 'RT', 'STW_C3', 2020),
(508, 'Wissage Road', 'RX', 'RX', 'STW_C3', 2020),
(509, 'Lunns Croft', '', 'RW', 'STW_C2', 2020),
(510, 'Partridge Croft', '', 'RW', 'STW_C2', 2020),
(511, 'St Michael Road', '', 'RW', 'STW_C2', 2020),
(512, 'Shortbutts Lane', 'RR', 'RR', 'STJ_C5', 2020),
(513, 'Knowle Lane', '', 'RR', 'STJ_XW', 2020),
(514, 'Drake Croft', '', 'RU', 'STW_C1', 2020),
(515, 'Mallard Croft', '', 'RU', 'STW_C1', 2020),
(516, 'Smithfield Rise', '', 'RU', 'STW_C1', 2020),
(517, 'Tanyard', '', 'RU', 'STW_C1', 2020),
(518, 'Stowe Street', '', 'RU', 'STW_C1', 2020),
(519, 'Wissage Lane', '', 'RX', 'STW_E2', 2020),
(520, 'Covey Close', '', 'RX', 'STW_E2', 2020),
(521, 'Mallicot Close', '', 'RX', 'STW_E2', 2020),
(522, 'Rocklands Crescent', '', 'RX', 'STW_E2', 2020),
(523, 'Auchinleck Drive', '', 'RT', 'STW_N1', 2020),
(524, 'Gilbert Road', '', 'RT', 'STW_N1', 2020),
(525, 'Gilbert Walk', '', 'RT', 'STW_N1', 2020),
(526, 'Sullivan Walk', '', 'RT', 'STW_N1', 2020),
(527, 'Sullivan Way', '', 'RT', 'STW_N1', 2020),
(528, 'Stowecroft', '', 'RT', 'STW_N1', 2020),
(529, 'Verdi Court', '', 'RT', 'STW_N1', 2020),
(530, 'Walkers Croft', '', 'RT', 'STW_N1', 2020),
(531, 'Netherstowe Lane', '', 'RT', 'STW_N1', 2020),
(532, 'Chadswell Heights', '', 'RT', 'STW_N2', 2020),
(533, 'Spring Road', '', 'RT', 'STW_N2', 2020),
(535, 'Netherstowe', '', 'RT', 'STW_N2', 2020),
(536, 'Autumn Drive', '', 'RT', 'STW_N3', 2020),
(537, 'Bower Close', '', 'RT', 'STW_N3', 2020),
(538, 'Winter Close', '', 'RT', 'STW_N3', 2020),
(539, 'Summer Grove', '', 'RT', 'STW_N3', 2020),
(540, 'The Mill Pond', '', 'RT', 'STW_N3', 2020),
(541, 'York Close', '', 'RT', 'STW_N3', 2020),
(542, 'Canterbury Close', '', 'RT', 'STW_N3', 2020),
(543, 'Chester Close', '', 'RT', 'STW_N3', 2020),
(544, 'Brownsfield Road', 'RT', 'RT', 'STW_N4', 2020),
(545, 'Charnwood Close', '', 'RT', 'STW_N4', 2020),
(546, 'Fecknam Way', '', 'RT', 'STW_N4', 2020),
(547, 'Godfrey Rise', '', 'RX', 'STW_N4', 2020),
(548, 'Clayton Drive', '', 'RX', 'STW_N4', 2020),
(549, 'Johnson Close', '', 'RT', 'STW_N4', 2020),
(550, 'Stowe Hill Gardens', '', 'RT', 'STW_N4', 2020),
(551, 'Hayworth Road', '', 'RT', 'STW_N4', 2020),
(552, 'Darnford View', '', 'RX', 'STW_E4', 2020),
(553, 'Hobs Road', '', 'RX', 'STW_E4', 2020),
(554, 'Manley Road', '', 'RX', 'STW_E4', 2020),
(555, 'Heather Close', '', 'RX', 'STW_E4', 2020),
(556, 'Benson Close', '', 'RX', 'STW_E5', 2020),
(557, 'Braeburn Close', '', 'RX', 'STW_E5', 2020),
(558, 'Scotch Orchard', '', 'RX', 'STW_E5', 2020),
(559, 'Furnivall Crescent', '', 'RX', 'STW_E6', 2020),
(560, 'Eastern Avenue', 'RX', 'RX', 'STW_E6', 2020),
(561, 'Valley Lane', '', 'RX', 'STW_E3', 2020);

-- --------------------------------------------------------

--
-- Table structure for table `seat`
--

DROP TABLE IF EXISTS `seat`;
CREATE TABLE IF NOT EXISTS `seat` (
  `districtid` varchar(20) NOT NULL,
  `seatid` varchar(20) NOT NULL,
  `name` varchar(50) NOT NULL,
  `kml` varchar(20) DEFAULT NULL,
  `date` int(9) DEFAULT NULL,
  `electorate` int(11) DEFAULT NULL,
  `households` int(11) DEFAULT NULL,
  `seats` int(11) NOT NULL,
  UNIQUE KEY `index` (`districtid`,`seatid`)
) ENGINE=InnoDB DEFAULT CHARSET=utf16 ROW_FORMAT=COMPACT;

--
-- Truncate table before insert `seat`
--

TRUNCATE TABLE `seat`;
--
-- Dumping data for table `seat`
--

INSERT INTO `seat` (`districtid`, `seatid`, `name`, `kml`, `date`, `electorate`, `households`, `seats`) VALUES
('LCC', 'BLY', 'Boley Park', NULL, 20190503, 2953, NULL, 3),
('LCC', 'BOW', 'Burton Old Road', NULL, 20190503, 894, NULL, 1),
('LCC', 'CHD', 'Chadsmead', NULL, 20190503, 3059, NULL, 4),
('LCC', 'CUR', 'Curborough', NULL, 20190503, 3350, NULL, 3),
('LCC', 'GRK', 'Garrick Road', NULL, 20190503, 308, NULL, 1),
('LCC', 'LEO', 'Leomansley', NULL, 20190503, 5259, NULL, 5),
('LCC', 'PTR', 'Pentire Road', NULL, 20190503, 496, NULL, 1),
('LCC', 'STJ', 'St Johns', NULL, 20190503, 4603, NULL, 6),
('LCC', 'STW', 'Stowe', NULL, 20190503, 4101, NULL, 4),
('LDC', 'BLY', 'Boley Park', NULL, 20190503, 3354, NULL, 2),
('LDC', 'CHD', 'Chadsmead', NULL, 20190503, 3397, NULL, 2),
('LDC', 'CUR', 'Curborough', NULL, 20190503, 3352, NULL, 2),
('LDC', 'LEO', 'Leomansley', NULL, 20190503, 5270, NULL, 3),
('LDC', 'STJ', 'St Johns', NULL, 20190503, 4610, NULL, 3),
('LDC', 'STW', 'Stowe', NULL, 20190503, 5000, NULL, 3),
('SCC', 'LCN', 'Lichfield City North', NULL, 20170504, 10270, NULL, 1),
('SCC', 'LCS', 'Lichfield City South', NULL, 20170504, 10453, NULL, 1),
('SCC', 'LRN', 'Lichfield Rural North', NULL, 2017, NULL, NULL, 1),
('UKP', 'LPC', 'Lichfield Constituency', NULL, NULL, NULL, NULL, 1),
('UKP', 'TPC', 'Tamworth Constituency', NULL, NULL, NULL, NULL, 1);

-- --------------------------------------------------------

--
-- Table structure for table `seattopd`
--

DROP TABLE IF EXISTS `seattopd`;
CREATE TABLE IF NOT EXISTS `seattopd` (
  `pdid` varchar(5) CHARACTER SET utf8 NOT NULL,
  `seat` varchar(10) CHARACTER SET utf8 NOT NULL,
  `district` varchar(20) CHARACTER SET utf8 NOT NULL,
  `year` varchar(8) CHARACTER SET utf8 NOT NULL,
  UNIQUE KEY `index` (`pdid`,`seat`,`district`,`year`)
) ENGINE=InnoDB DEFAULT CHARSET=utf16;

--
-- Truncate table before insert `seattopd`
--

TRUNCATE TABLE `seattopd`;
--
-- Dumping data for table `seattopd`
--

INSERT INTO `seattopd` (`pdid`, `seat`, `district`, `year`) VALUES
('RA', 'BLY', 'LCC', '2019'),
('RA', 'BLY', 'LDC', '2019'),
('RA', 'LRN', 'SCC', '2016'),
('RB', 'BLY', 'LCC', '2019'),
('RB', 'BLY', 'LDC', '2019'),
('RB', 'LRN', 'SCC', '2016'),
('RB1', 'BLY', 'LDC', '2019'),
('RB1', 'LCS', 'SCC', '2016'),
('RB1', 'PTR', 'LCC', '2019'),
('RC', 'BLY', 'LCC', '2019'),
('RC', 'BLY', 'LDC', '2019'),
('RC', 'LRN', 'SCC', '2016'),
('RD', 'BOW', 'LCC', '2019'),
('RD', 'LRN', 'SCC', '2016'),
('RD', 'STW', 'LDC', '2019'),
('RE', 'CHD', 'LCC', '2019'),
('RE', 'CHD', 'LDC', '2019'),
('RE', 'LRN', 'SCC', '2016'),
('RF', 'CHD', 'LCC', '2019'),
('RF', 'CHD', 'LDC', '2019'),
('RF', 'LRN', 'SCC', '2016'),
('RG', 'CHD', 'LCC', '2019'),
('RG', 'CHD', 'LDC', '2019'),
('RG', 'LCN', 'SCC', '2016'),
('RG1', 'CHD', 'LDC', '2019'),
('RG1', 'GRK', 'LCC', '2019'),
('RG1', 'LCS', 'SCC', '2016'),
('RH', 'CHD', 'LCC', '2019'),
('RH', 'CHD', 'LDC', '2019'),
('RH', 'LCN', 'SCC', '2016'),
('RJ', 'CUR', 'LCC', '2019'),
('RJ', 'CUR', 'LDC', '2019'),
('RJ', 'LCN', 'SCC', '2016'),
('RK', 'CHD', 'LCC', '2019'),
('RK', 'CHD', 'LDC', '2019'),
('RK', 'LCN', 'SCC', '2016'),
('RL', 'CHD', 'LCC', '2019'),
('RL', 'CHD', 'LDC', '2019'),
('RL', 'LCS', 'SCC', '2016'),
('RM1', 'LCS', 'SCC', '2016'),
('RM1', 'LEO', 'LCC', '2019'),
('RM1', 'LEO', 'LDC', '2019'),
('RM2', 'LCS', 'SCC', '2016'),
('RM2', 'LEO', 'LCC', '2019'),
('RM2', 'LEO', 'LDC', '2019'),
('RN1', 'LCS', 'SCC', '2016'),
('RN1', 'LEO', 'LCC', '2019'),
('RN1', 'LEO', 'LDC', '2019'),
('RN2', 'LCS', 'SCC', '2016'),
('RN2', 'LEO', 'LCC', '2019'),
('RN2', 'LEO', 'LDC', '2019'),
('RP', 'LCS', 'SCC', '2016'),
('RP', 'STJ', 'LCC', '2019'),
('RP', 'STJ', 'LDC', '2019'),
('RQ', 'LCS', 'SCC', '2016'),
('RQ', 'STJ', 'LCC', '2019'),
('RQ', 'STJ', 'LDC', '2019'),
('RR', 'LCS', 'SCC', '2016'),
('RR', 'STJ', 'LCC', '2019'),
('RR', 'STJ', 'LDC', '2019'),
('RS', 'LCS', 'SCC', '2016'),
('RS', 'STJ', 'LCC', '2019'),
('RS', 'STJ', 'LDC', '2019'),
('RT', 'LCS', 'SCC', '2016'),
('RT', 'STW', 'LCC', '2019'),
('RT', 'STW', 'LDC', '2019'),
('RU', 'LCS', 'SCC', '2016'),
('RU', 'STW', 'LCC', '2019'),
('RU', 'STW', 'LDC', '2019'),
('RW', 'LCS', 'SCC', '2016'),
('RW', 'STW', 'LCC', '2019'),
('RW', 'STW', 'LDC', '2019'),
('RX', 'LCS', 'SCC', '2016'),
('RX', 'STW', 'LCC', '2019'),
('RX', 'STW', 'LDC', '2019');

-- --------------------------------------------------------

--
-- Table structure for table `street`
--

DROP TABLE IF EXISTS `street`;
CREATE TABLE IF NOT EXISTS `street` (
  `seq` int(11) NOT NULL AUTO_INCREMENT,
  `name` varchar(50) NOT NULL,
  `qualifier` varchar(50) DEFAULT NULL,
  `part` varchar(40) DEFAULT NULL,
  `pd` varchar(10) DEFAULT NULL,
  `households` int(11) DEFAULT NULL,
  `electors` int(3) DEFAULT NULL,
  `note` text DEFAULT NULL,
  `latitude` varchar(20) DEFAULT NULL,
  `longitude` varchar(20) DEFAULT NULL,
  PRIMARY KEY (`seq`),
  UNIQUE KEY `index` (`name`,`part`)
) ENGINE=InnoDB AUTO_INCREMENT=542 DEFAULT CHARSET=utf8 ROW_FORMAT=COMPACT;

--
-- Truncate table before insert `street`
--

TRUNCATE TABLE `street`;
--
-- Dumping data for table `street`
--

INSERT INTO `street` (`seq`, `name`, `qualifier`, `part`, `pd`, `households`, `electors`, `note`, `latitude`, `longitude`) VALUES
(1, 'Abbotsford Road', '', '', 'RB', 56, 98, '', NULL, NULL),
(2, 'Abnalls Croft', '', '', 'RL', 29, 8, ' EL?', NULL, NULL),
(3, 'Abnalls Lane', '', '', 'RL', 10, 20, '', '52.688453818092704', '-1.8434715270996096'),
(4, 'Agincourt Road', '', '', 'RQ', 85, 98, '', NULL, NULL),
(5, 'Aiden Court Road', '', '', 'RD', 9, 0, ' EL?', NULL, NULL),
(6, 'Alamein Way', '', '', 'RQ', 13, 20, '', NULL, NULL),
(7, 'Alder Close', '', '', 'RA', 7, 8, '', NULL, NULL),
(8, 'Alesmore Meadow', '', '', 'RM2', 43, 8, ' EL?', NULL, NULL),
(9, 'Allington Avenue', '', '', 'RN1', 26, 8, ' EL?', NULL, NULL),
(10, 'Anglesey Road', '', '', 'RH', 2, 2, '', NULL, NULL),
(11, 'Angorfa Close', '', '', 'RM1', 25, 8, ' EL?', NULL, NULL),
(12, 'Anson Avenue', '', '', 'RE', 30, 8, 'From Beacon Street evens to 38 by Beecroft Avenue, odds to  37 By Leasow', '52.688922051017364', '-1.8317556381225588'),
(13, 'Armada Close', '', '', 'RQ', 52, 93, '', '52.67238128104044', '-1.8363046646118166'),
(14, 'Ascot Close', '', '', 'RB', 19, 37, '', NULL, NULL),
(15, 'Ash Grove', '', '', 'RD', 25, 8, ' EL?', NULL, NULL),
(16, 'Ashmole Close', '', '', 'RA', 23, 44, '', NULL, NULL),
(17, 'Aspen Close', '', '', 'RD', 16, 31, '', NULL, NULL),
(18, 'Auchinleck Drive', '', '', 'RT', 8, 8, NULL, '52.69067983066879', '-1.8199968338012698'),
(19, 'Augustines Walk', '', '', 'RF', 8, 8, '', NULL, NULL),
(20, 'Austin Cote Lane', '', 'RA', 'RA', 3, 6, 'Evens 2 by Birchwood Road to 6', '52.68165281918522', '-1.8024927377700808'),
(21, 'Austin Cote Lane', '', 'RC', 'RC', 2, 2, 'Odds  Austin Cote Cotttage  and 5', '52.68252438438091', '-1.8022030591964724'),
(22, 'Autumn Drive', '', '', 'RT', 15, 27, '', NULL, NULL),
(23, 'Backcester Lane', '', '', 'RS', 2, 1, ' EL?', NULL, NULL),
(24, 'Bains Drive', '', '', 'RN1', 23, -1, ' EL?', NULL, NULL),
(25, 'Balmoral Close', '', '', 'RP', 36, 8, ' EL?', NULL, NULL),
(26, 'Bardell Close', '', '', 'RM2', 10, -1, ' EL?', NULL, NULL),
(27, 'Barn Close', '', '', 'RJ', 12, 8, NULL, '52.697960563657574', '-1.8247818946838381'),
(28, 'Barnfield Close', '', '', 'RQ', 5, 6, '', NULL, NULL),
(29, 'Barratt Court', '', '', 'RJ', 5, 9, NULL, NULL, NULL),
(30, 'Baskeyfield Close', '', '', 'RB', 44, 97, '', NULL, NULL),
(31, 'Beacon Gardens', '', '', 'RE', 20, 45, '', NULL, NULL),
(32, 'Beacon Mews', '', '', 'RL', 17, -1, ' EL?', NULL, NULL),
(33, 'Beacon Park', '', '', 'RN2', 0, 0, 'Nothing to deliver', '52.68443201075905', '-1.83771009544373'),
(34, 'Beatrice Court', '', '', 'RN2', 40, 42, 'RG?', '52.68045666514444', '-1.828258037567139'),
(35, 'Beech Gardens', '', '', 'RP', 58, -1, ' EL?', NULL, NULL),
(36, 'Beechfield Rise', '', '', 'RD', 15, -1, ' EL?', NULL, NULL),
(37, 'Beecroft Avenue', '', '', 'RK', 16, 25, '', NULL, NULL),
(38, 'Bell Close', '', '', 'RE', 17, 27, '', NULL, NULL),
(39, 'Benson Close', '', '', 'RX', 32, 8, ' EL?', NULL, NULL),
(40, 'Birch Grove', '', '', 'RD', 1, 1, '', NULL, NULL),
(41, 'Birchwood Road', '', '', 'RA', 68, -1, ' EL?', NULL, NULL),
(42, 'Bird Street', '', 'RN2', 'RN2', 36, 25, 'Hardly any residential properies don\'t deliver.', '52.68277739525862', '-1.8302750587463381'),
(43, 'Bird Street', '', 'RS', 'RS', 36, 45, 'Hardly any residential properies don\'t deliver.', '52.68280341171209', '-1.8298459053039553'),
(44, 'Blackberry Avenue', '', '', 'RP', 46, 81, '', NULL, NULL),
(45, 'Blackthorne Road', '', '', 'RD', 17, 33, '', NULL, NULL),
(46, 'Blakeman Way', '', '', 'RM2', 46, 107, '', NULL, NULL),
(47, 'Bloomfield Crescent', '', '', 'RH', 50, 89, '', NULL, NULL),
(48, 'Bloomsbury Way', '', '', 'RB', 30, 42, '', NULL, NULL),
(49, 'Bluebird Close', '', '', 'RD', 9, 22, '', NULL, NULL),
(50, 'Boathouse Field', '', '', 'RN1', 58, 105, '', NULL, NULL),
(51, 'Boley Close', '', '', 'RP', 20, 40, '', NULL, NULL),
(52, 'Boley Cottage Lane', '', '', 'RB', 11, 11, '', NULL, NULL),
(53, 'Boley Lane', '', 'RP', 'RP', 8, 14, 'From 2 - 16 Cherry orchard down hill  none on the other side of the road.', '52.68091782904752', '-1.8170034885406496'),
(54, 'Booth Close', '', 'Rf', 'RF', 10, 17, '1 - 11 and 2-8 the Weston oad end of the close.', '52.69323736145463', '-1.8333327770233157'),
(55, 'Bore Street', '', '', 'RS', 1, 1, '', NULL, NULL),
(56, 'Borrowcop Lane', '', 'RQ', 'RQ', 2, 3, 'two houses on corner of St Johns Street', '52.674172253484855', '-1.822759509086609'),
(57, 'Borrowcop Lane', '', 'RR', 'RR', 73, 98, 'No 1 by St Johns Street to 73 by Quarry Hills  60 to 2 - Many houses up long drives ( Cyclist?)', '52.673722728318666', '-1.8193731708526653'),
(58, 'Bower Close', '', '', 'RT', 15, 26, '', NULL, NULL),
(59, 'Bracken Close', '', '', 'RA', 36, 72, '', NULL, NULL),
(60, 'Braeburn Close', '', '', 'RX', 15, 24, '', NULL, NULL),
(61, 'Broad Lane', '', 'RB', 'RB', 8, NULL, '21 by green area at Boley Lane to 52 and the Farthings  by Ryknild Street very sparse', '52.67913493881053', '-1.8127441406250002'),
(62, 'Broad Lane', '', 'RB1', 'RB1', 3, 2, 'By South end of Pentire', '52.67823988864775', '-1.812427639961243'),
(63, 'Broadbent Close', '', '', 'RM2', 24, 42, '', NULL, NULL),
(64, 'Broadlands Rise', '', '', 'RB1', 49, 89, '', NULL, NULL),
(65, 'Brook Close', '', '', 'RE', 11, 12, '', NULL, NULL),
(66, 'Brownsfield Road', '', 'RT', 'RT', 50, -1, 'Evens 2 to 22 by Fecknam Way', '52.69086256299444', '-1.8162202835083008'),
(67, 'Brownsfield Road', '', 'RX', 'RX', 50, -1, 'Evens from 2 by  Wissage Road  to 26 on Eastern avenue', '52.690204463343434', '-1.815769672393799'),
(68, 'Buckingham Gardens', '', '', 'RQ', 0, 41, ' RG?', '52.674693983166435', '-1.8242776393890383'),
(69, 'Bulldog Lane', '', '', 'RK', 12, 25, '', NULL, NULL),
(70, 'Burns Close', '', '', 'RQ', 10, 18, '', NULL, NULL),
(71, 'Burton Old Road East', '', '', 'RC', 38, NULL, NULL, '52.68421998412835', '-1.8049228191375735'),
(72, 'Burton Old Road West', '', '', 'RD', 53, 113, '', NULL, NULL),
(73, 'Burwaye Close', '', '', 'RN1', 31, 43, '', NULL, NULL),
(74, 'Byron Avenue', '', '', 'RR', 8, 16, '', NULL, NULL),
(75, 'Cain Close', '', '', 'RJ', 4, 6, NULL, '52.701861501725794', '-1.8211770057678225'),
(76, 'Cairns Close', '', '', 'RQ', 32, 51, '', NULL, NULL),
(77, 'Canterbury Close', '', '', 'RT', 11, 23, '', NULL, NULL),
(78, 'Carmichael Close', '', '', 'RB', 21, 49, '', NULL, NULL),
(79, 'Castle Dyke', '', '', 'RS', 39, 44, '', NULL, NULL),
(80, 'Caterbanck Way', '', '', 'RM2', 13, 20, '', NULL, NULL),
(81, 'Cathedral Rise', '', '', 'RS', 11, 24, '', NULL, NULL),
(82, 'Cedar Close', '', '', 'RA', 8, 17, '', NULL, NULL),
(83, 'Chadswell Heights', '', '', 'RT', 50, 94, '', NULL, NULL),
(84, 'Chapel Lane', '', '', 'RQ', 43, 77, '', NULL, NULL),
(85, 'Charnwood Close', '', '', 'RT', 21, 46, '', NULL, NULL),
(86, 'Chatterton Avenue', '', '', 'RM2', 40, 89, '', NULL, NULL),
(87, 'Chaucer Close', '', '', 'RQ', 10, 14, '', NULL, NULL),
(88, 'Cherry Orchard', '', '', 'RP', 47, 120, '', NULL, NULL),
(89, 'Chester Close', '', '', 'RT', 12, 21, '', NULL, NULL),
(90, 'Chesterfield Road', '', 'RN1', 'RN1', 47, 80, NULL, '52.67510967103503', '-1.8328285217285158'),
(91, 'Chesterfield Road', '', 'RQ', 'RQ', 47, 74, NULL, '52.672299309565055', '-1.834824085235596'),
(92, 'Chesterfield Walk', '', '', 'RQ', 2, 3, '1 and 2  deliver with falklands Road', '52.66990255297722', '-1.836116909980774'),
(93, 'Christchurch Gardens', '', '', 'RM1', 14, 23, '', NULL, NULL),
(94, 'Christchurch Lane', '', '', 'RM1', 109, -1, ' EL?', NULL, NULL),
(95, 'Christophers Walk', '', '', 'RF', 21, 45, '', NULL, NULL),
(96, 'Church Street', '', 'RD', 'RD', 3, 5, '44,46,48 by the Old School', NULL, NULL),
(97, 'Church Street', '', 'RW', 'RW', 5, 3, 'From Lock and Key to Tesco footpath 1to 17', '52.68390909665878', '-1.8222671694946337'),
(98, 'Claypit Lane', '', '', 'RQ', 0, 10, ' RG?', '52.66857530219518', '-1.8393087387084963'),
(99, 'Clayton Drive', '', '', 'RX', 2, 5, '', NULL, NULL),
(100, 'Colling Drive', '', '', 'RM2', 34, 59, '', NULL, NULL),
(101, 'Collins Hill', '', '', 'RF', 23, -1, NULL, NULL, NULL),
(102, 'Coltman Close', '', '', 'RB', 41, NULL, NULL, '52.67998573967608', '-1.8116176128387453'),
(103, 'Conduit Street', '', '', 'RS', 1, 1, '', NULL, NULL),
(104, 'Copperfields', '', '', 'RD', 27, 41, '', NULL, NULL),
(105, 'Coppice Grove', '', '', 'RA', 19, 39, '', NULL, NULL),
(106, 'Cornfield Drive', '', '', 'RC', 86, -1, ' EL?', NULL, NULL),
(107, 'Covey Close', '', '', 'RX', 20, 30, '', NULL, NULL),
(108, 'Crane Fields', '', '', 'RE', 25, 35, '', NULL, NULL),
(109, 'Cranleigh Way', '', '', 'RB', 14, 22, '', NULL, NULL),
(110, 'Crecy Place', '', '', 'RQ', 14, 34, '', NULL, NULL),
(111, 'Cricket Lane', '', '', 'RR', 32, 63, '', NULL, NULL),
(112, 'Cromwells Meadow', '', '', 'RR', 30, 59, '', NULL, NULL),
(113, 'Cross In Hand Lane', '', '', 'RL', 15, 39, '', NULL, NULL),
(114, 'Cross Keys', '', '', 'RS', 24, 85, '', NULL, NULL),
(115, 'Cross Lane', '', '', 'RB', 3, 8, '', NULL, NULL),
(116, 'Curlew Close', '', '', 'RA', 50, 85, '', NULL, NULL),
(117, 'Dam Street', '', '', 'RS', 14, 16, '', NULL, NULL),
(118, 'Darnford Lane', '', '', 'RA', 34, 74, '', NULL, NULL),
(119, 'Darnford Moors', '', '', 'RA', 28, 62, '', NULL, NULL),
(120, 'Darnford View', '', '', 'RX', 30, 50, '', NULL, NULL),
(121, 'Darwin Close', '', '', 'RE', 12, 20, '', NULL, NULL),
(122, 'Davidson Road', '', '', 'RP', 3, 3, '', NULL, NULL),
(123, 'Deans Croft', '', '', 'RD', 14, 23, '', NULL, NULL),
(124, 'Deans Slade Drive', '', '', 'RQ', 39, 87, '', NULL, NULL),
(125, 'Deykin Road', '', 'RM2', 'RM2', 70, 57, NULL, NULL, NULL),
(126, 'Deykin Road', '', 'RN1', 'RN1', 70, 133, NULL, NULL, NULL),
(127, 'David Garrick Gardens', '', '', 'RH', 69, NULL, NULL, '52.69566534886251', '-1.830875873565674'),
(128, 'Dimbles Hill', '', 'RH', 'RH', 30, 55, 'Evens from 60 by Church to 2 by Curborough', NULL, NULL),
(129, 'Dimbles Hill', '', 'RK', 'RK', 20, 41, 'odds  39 by School to 1 by Curborough Road', NULL, NULL),
(130, 'Dimbles Lane', 'Odds', 'REb', 'RE', 36, 69, 'Odds from 79 Corner of Weston Rd to 17 corner of the Leasows', '52.691570073919735', '-1.8307900428771975'),
(131, 'Dimbles Lane', '', 'RG', 'RG', 6, 26, 'Odds from 103  oppostite Health center  to 81 corner of Weston Road', '52.69372212439408', '-1.8319112062454226'),
(132, 'Dimbles Lane', '', 'RHa', 'RH', 36, 85, 'Evens from 88 by the Health center  38 by Dimbles Hill  shops side of road. 46-62 behind Charnwood House', '52.691228024904916', '-1.8302696943283083'),
(133, 'Dimbles Lane', '', 'RK', 'RK', 15, 21, 'evens from the courner of Beechcrot no 2   to 28 by the Church', NULL, NULL),
(134, 'Dovehouse Fields', '', '', 'RQ', 43, 95, '', NULL, NULL),
(135, 'Drake Croft', '', '', 'RU', 9, 8, ' EL?', NULL, NULL),
(136, 'Eastern Avenue', '', 'RX', 'RX', 56, 115, 'Odds from 19 by shops to 69opposite Hermes road and up to 129 by Browsfield Road', NULL, NULL),
(137, 'Elgar Close', '', '', 'RJ', 7, 22, '', NULL, NULL),
(138, 'Elias Close', '', '', 'RA', 3, 6, '', NULL, NULL),
(139, 'Ellsmore Meadow', '', '', 'RN1', 12, 20, '', NULL, NULL),
(140, 'Elm Gardens', '', '', 'RP', 26, 55, '', NULL, NULL),
(141, 'Epsom Close', '', '', 'RB', 10, 23, '', NULL, NULL),
(142, 'Erasmus Way', '', '', 'RL', 9, 16, '', NULL, NULL),
(143, 'Falkland Road', '', '', 'RQ', 23, 43, '', NULL, NULL),
(144, 'Fallow Field', '', '', 'RJ', 46, 68, '', NULL, NULL),
(145, 'Fecknam Way', '', '', 'RT', 63, 107, '', NULL, NULL),
(146, 'Fern Croft', '', '', 'RL', 14, 31, '', NULL, NULL),
(147, 'Ferndale Road', '', '', 'RL', 93, 176, '', NULL, NULL),
(148, 'Field Road', '', '', 'RJ', 40, 107, '', NULL, NULL),
(149, 'Flinn Close', '', '', 'RB', 21, 31, '', NULL, NULL),
(150, 'Forge Lane', '', '', 'RE', 13, 15, '', NULL, NULL),
(151, 'Fosseway', '', '', 'RQ', 27, -1, ' EL?', NULL, NULL),
(152, 'Fosseway Lane', '', 'RQ', 'RQ', 4, 8, 'from  Falkland Road 3 houses  and Old canal Cottage near RLY Line dont walk', '52.66968329915259', '-1.8405264616012575'),
(153, 'Foxglove Close', '', '', 'RQ', 24, 36, '', NULL, NULL),
(154, 'Francis Road', '', '', 'RH', 45, 107, '', NULL, NULL),
(155, 'Freeford Gardens', '', '', 'RA', 24, 50, '', NULL, NULL),
(156, 'Friary Avenue', '', '', 'RN2', 30, 62, '', NULL, NULL),
(157, 'Friary Gardens', '', '', 'RN2', 5, 14, '', NULL, NULL),
(158, 'Friary Road', '', '', 'RN2', 15, 35, '', NULL, NULL),
(159, 'Friday Acre', '', '', 'RE', 42, 75, '', NULL, NULL),
(160, 'Frog Lane', '', '', 'RS', 28, 39, '', NULL, NULL),
(161, 'Furnivall Crescent', '', '', 'RX', 40, 97, '', NULL, NULL),
(162, 'Gable Croft', '', '', 'RA', 42, 92, '', NULL, NULL),
(163, 'Gaia Stowe', '', '', 'RK', 4, 5, '', NULL, NULL),
(164, 'Gaiafields Road', '', '', 'RK', 16, 37, '', NULL, NULL),
(165, 'Gaialands Crescent', '', '', 'RK', 15, 30, '', NULL, NULL),
(166, 'Garrick Close', '', '', 'RG1', 28, 8, ' EL?', NULL, NULL),
(167, 'Garrick Road', '', '', 'RG1', 33, -1, ' EL?', NULL, NULL),
(168, 'George Lane', '', '', 'RS', 32, 53, '', NULL, NULL),
(169, 'Giffords Croft', '', '', 'RE', 25, 47, '', NULL, NULL),
(170, 'Gilbert Road', '', '', 'RT', 60, 114, '', NULL, NULL),
(171, 'Gilbert Walk', '', '', 'RT', 6, 16, '', NULL, NULL),
(172, 'Giles Road', '', '', 'RH', 80, 131, '', NULL, NULL),
(173, 'Gledhill Park', '', '', 'RR', 0, 19, ' RG?', '52.672325982866596', '-1.8211770057678225'),
(175, 'Godfrey Rise', '', '', 'RX', 3, 10, '', NULL, NULL),
(176, 'Goodwood Close', '', '', 'RB', 16, 30, '', NULL, NULL),
(177, 'Gorse Lane', '', '', 'RR', 11, 24, '', NULL, NULL),
(178, 'Gorsty Bank', '', '', 'RC', 20, 35, '', NULL, NULL),
(179, 'Grange Lane', '', 'RG', 'RG', 65, 0, NULL, '52.69584220821155', '-1.8438470363616946'),
(180, 'Greencroft', '', '', 'RF', 70, 126, '', NULL, NULL),
(181, 'Greenhill', '', '', 'RS', 6, 14, '', NULL, NULL),
(182, 'Greenhill Mews', '', '', 'RS', 15, 20, '', NULL, NULL),
(183, 'Greenhough Road', '', '', 'RL', 7, 9, '', NULL, NULL),
(184, 'Greenwood Drive', '', '', 'RP', 10, 21, '', NULL, NULL),
(185, 'Grosvenor Close', '', '', 'RP', 26, 54, '', NULL, NULL),
(186, 'Halfpenny Lane', '', '', 'RM1', 3, 5, '', NULL, NULL),
(187, 'Handel Walk', '', '', 'RJ', 24, 67, '', NULL, NULL),
(188, 'Hardy Place', '', '', 'RQ', 28, 48, '', NULL, NULL),
(189, 'Harman Drive', '', '', 'RM2', 10, 17, '', NULL, NULL),
(190, 'Harrington Walk', '', '', 'RL', 56, 103, '', NULL, NULL),
(191, 'Hartslade', '', '', 'RA', 53, 98, '', NULL, NULL),
(192, 'Harwood Road', '', '', 'RJ', 15, 41, '', NULL, NULL),
(193, 'Havefield Avenue', '', '', 'RB', 22, 31, '', NULL, NULL),
(194, 'Hawkesmoor Drive', '', '', 'RD', 19, 37, '', NULL, NULL),
(195, 'Hawkins Close', '', '', 'RH', 5, 13, '', NULL, NULL),
(196, 'Hawthorn Close', '', '', 'RD', 6, 27, '', NULL, NULL),
(197, 'Hawthorn House', '', '', 'RD', 20, NULL, 'NAME?', '52.68353706923973', '-1.8140101432800295'),
(198, 'Hayes View', '', '', 'RL', 21, 35, '', NULL, NULL),
(199, 'Haymoor', '', '', 'RB', 82, 150, '', NULL, NULL),
(200, 'Hayworth Road', '', '', 'RT', 8, 14, '', NULL, NULL),
(201, 'Hazel Grove', '', '', 'RP', 26, 61, '', NULL, NULL),
(202, 'Heathcot Place', '', '', 'RN1', 9, 15, '', NULL, NULL),
(203, 'Heather Close', '', '', 'RX', 18, 36, '', NULL, NULL),
(204, 'Heenan Grove', '', '', 'RG', 16, 24, '', NULL, NULL),
(205, 'Henderson Close', '', '', 'RD', 19, 36, '', NULL, NULL),
(206, 'Heritage Court', '', '', 'RB', 54, 104, '', NULL, NULL),
(207, 'Hewitt Close', '', '', 'RH', 17, 27, '', NULL, NULL),
(208, 'High Croft Crescent', '', '', 'RP', 5, 6, NULL, '52.67887995540394', '-1.822711229324341'),
(209, 'High Grange', '', '', 'RL', 42, 77, '', NULL, NULL),
(210, 'Highfield Gardens', '', '', 'RB', 6, 12, ' RG?', '52.678336809936255', '-1.8078839778900149'),
(211, 'Hillcrest Drive', '', '', 'RE', 5, 11, '', NULL, NULL),
(212, 'Hillside', '', '', 'RR', 39, 74, '', NULL, NULL),
(213, 'Hobs Road', '', '', 'RX', 118, 178, '', NULL, NULL),
(214, 'Holywell Rise', '', '', 'RB1', 21, 46, '', NULL, NULL),
(215, 'Hunter Close', '', '', 'RR', 4, 4, '', NULL, NULL),
(216, 'Irving Close', '', '', 'RG1', 18, 36, '', NULL, NULL),
(217, 'Ivanhoe Road', '', '', 'RQ', 44, 83, '', NULL, NULL),
(218, 'Jackson Road', '', '', 'RJ', 18, 31, '', NULL, NULL),
(219, 'James Greenway', '', '', 'RF', 29, 56, '', NULL, NULL),
(220, 'John Wilks Court', '', '', 'RP', 0, 6, ' RG?', '52.67980036014828', '-1.8250232934951784'),
(221, 'Johnson Close', '', '', 'RT', 19, 40, '', NULL, NULL),
(222, 'Jordan Close', '', '', 'RL', 4, 4, '', NULL, NULL),
(223, 'Judes Walk', '', '', 'RF', 8, 13, '', NULL, NULL),
(224, 'Kean Close', '', 'RG1', 'RG1', 22, 43, 'Nos 1- 22  on Left adn into Close', '52.692571494530036', '-1.8467330932617188'),
(225, 'Keepers Close', '', '', 'RA', 8, 14, '', NULL, NULL),
(226, 'Kenilworth Road', '', '', 'RQ', 29, 46, '', NULL, NULL),
(227, 'Kilby Avenue', '', '', 'RJ', 20, 30, NULL, '52.70097081824802', '-1.8220031261444094'),
(228, 'Knowle Lane', '', '', 'RR', 12, 32, NULL, '52.66756031851286', '-1.8207263946533205'),
(229, 'Lambourne Close', '', '', 'RC', 6, 7, '', NULL, NULL),
(230, 'Lanthorn Close', '', '', 'RN2', 9, 17, '', NULL, NULL),
(231, 'Larch Close', '', '', 'RA', 6, 13, '', NULL, NULL),
(232, 'Larkin Avenue', '', '', 'RM2', 0, 6, NULL, '52.67486312113379', '-1.8473124504089358'),
(233, 'Laurel Close', '', '', 'RD', 12, 20, '', NULL, NULL),
(234, 'Lawford Avenue', '', '', 'RB', 28, 44, '', NULL, NULL),
(235, 'Lawrence Way', '', '', 'RN1', 41, 84, '', NULL, NULL),
(236, 'Leomansley Close', '', '', 'RM1', 18, 30, '', NULL, NULL),
(237, 'Leomansley Road', '', '', 'RM1', 18, 42, '', NULL, NULL),
(238, 'Leomansley View', '', '', 'RM1', 66, 113, '', NULL, NULL),
(239, 'Levetts Fields', '', '', 'RS', 12, 26, '', NULL, NULL),
(240, 'Lewis Close', '', '', 'RC', 24, 53, '', NULL, NULL),
(241, 'Leyfields', '', '', 'RH', 33, 98, '', NULL, NULL),
(242, 'Lightwood Close', '', '', 'RM2', 10, 20, '', NULL, NULL),
(243, 'Lillington Close', '', '', 'RL', 7, 12, '', NULL, NULL),
(244, 'Lime Grove', '', '', 'RD', 40, 80, '', NULL, NULL),
(245, 'Lincoln Close', '', '', 'RJ', 43, 119, '', NULL, NULL),
(246, 'Little Barrow Walk', '', '', 'RE', 18, 32, '', NULL, NULL),
(247, 'Little Grange', '', '', 'RL', 4, 7, '', NULL, NULL),
(248, 'Livingstone Drive', '', '', 'RC', 4, 6, ' RG?', '52.684252503618595', '-1.80401086807251'),
(249, 'Lomax Close', '', '', 'RE', 16, 29, '', NULL, NULL),
(250, 'Lombard Court', '', '', 'RS', 9, 15, '', NULL, NULL),
(251, 'Lombard Street', '', '', 'RS', 20, 41, '', NULL, NULL),
(252, 'London Road', '', '', 'RR', 37, 94, '', NULL, NULL),
(253, 'Longbridge Road', '', '', 'RR', 45, 84, '', NULL, NULL),
(254, 'Longstaff Croft', '', 'RG1', 'RG1', 6, 12, 'Odds only 9 to 21from Garrick Court to Grange Lane', '52.69301627389071', '-1.8420445919036867'),
(255, 'Longstaff Croft', '', 'RL', 'RL', 15, 31, 'odds from ferndale to ervice road  evens from  2 to 32', '52.69237901537933', '-1.8433159589767458'),
(256, 'Lower Sandford Street', '', '', 'RN2', 230, 284, '', NULL, NULL),
(257, 'Lukes Walk', '', '', 'RF', 14, 26, '', NULL, NULL),
(258, 'Lunns Croft', '', '', 'RW', 25, -1, ' EL?', NULL, NULL),
(259, 'Lyn Avenue', '', '', 'RL', 33, 60, '', NULL, NULL),
(260, 'Lynfield Road', '', '', 'RL', 34, 72, '', NULL, NULL),
(261, 'Maddocke Walk', '', '', 'RM2', 20, 39, '', NULL, NULL),
(262, 'Mallard Croft', '', '', 'RU', 8, 18, '', NULL, NULL),
(263, 'Mallicot Close', '', '', 'RX', 27, 54, '', NULL, NULL),
(264, 'Manley Road', '', '', 'RX', 25, 47, '', NULL, NULL),
(265, 'Manor Rise', '', 'RB1', 'RB1', 36, 83, 'from 1 at  Pentire to 43 at the footpath (22) and 4 to 30', NULL, NULL),
(266, 'Manor Rise', '', 'RP', 'RP', 60, 150, 'All after the foot path, From 32 to 94 and 121 to 45 many side roads', '52.67802913299985', '-1.8194818496704104'),
(267, 'Maple Grove', '', '', 'RA', 23, 47, '', NULL, NULL),
(268, 'Marks Walk', '', '', 'RF', 25, 36, '', NULL, NULL),
(269, 'Market Street', '', '', 'RS', 8, 9, '', NULL, NULL),
(270, 'Marlborough Court', '', '', 'RN2', 12, 15, 'RG?', '52.68117280045883', '-1.8286871910095217'),
(271, 'Marsh Lane', '', '', 'RR', 6, 12, '', NULL, NULL),
(272, 'Marshall Road', '', '', 'RM2', 0, 21, NULL, '52.675263194873274', '-1.8489646911621096'),
(273, 'Martin Croft', '', '', 'RE', 12, 12, '', NULL, NULL),
(274, 'Mary Slater Road', '', '', 'RN2', 56, 110, '', NULL, NULL),
(275, 'Maryvale Court', '', '', 'RD', 28, 29, '', NULL, NULL),
(276, 'Masefield Close', '', '', 'RQ', 36, 68, '', NULL, NULL),
(277, 'Matthews Walk', '', '', 'RF', 10, 11, '', NULL, NULL),
(278, 'Mawgan Drive', '', '', 'RB1', 20, 37, '', NULL, NULL),
(279, 'Maxtock Avenue', '', '', 'RN1', 33, 66, '', NULL, NULL),
(280, 'Maxwell Close', '', '', 'RS', 43, 52, '', NULL, NULL),
(281, 'Maybank Close', '', '', 'RC', 39, 39, '', NULL, NULL),
(282, 'Meadowbrook Road', '', '', 'RJ', 74, 189, '', NULL, NULL),
(283, 'Mesnes Green', '', '', 'RP', 20, 51, '', NULL, NULL),
(284, 'Miller Close', '', '', 'RJ', 5, 13, '', NULL, NULL),
(285, 'Minors Hill', '', '', 'RR', 25, 56, '', NULL, NULL),
(286, 'Minster Pool Walk', '', '', 'RS', 2, 2, '', NULL, NULL),
(287, 'Monks Close', '', '', 'RN2', 44, 57, '', NULL, NULL),
(288, 'Mulberry Drive', '', '', 'RD', 37, 68, '', NULL, NULL),
(289, 'Neale Close', '', '', 'RM2', 0, 0, NULL, '52.67344169130554', '-1.8432998657226565'),
(290, 'Needwood Hill', '', '', 'RF', 26, 52, '', NULL, NULL),
(291, 'Needwood Mews', '', '', 'RF', 2, 3, '', NULL, NULL),
(292, 'Nelson Close', '', '', 'RQ', 26, 59, '', NULL, NULL),
(293, 'Nether Beacon', '', '', 'RE', 23, 50, '', NULL, NULL),
(294, 'Netherbridge Avenue', '', '', 'RC', 48, 93, '', NULL, NULL),
(295, 'Netherstowe', '', '', 'RT', 25, 43, '', NULL, NULL),
(296, 'Netherstowe Lane', '', '', 'RT', 38, 86, '', NULL, NULL),
(297, 'Newbold Close', '', '', 'RN1', 19, 42, '', NULL, NULL),
(298, 'Newlyn Close', '', '', 'RB1', 14, 31, '', NULL, NULL),
(299, 'Newton Road', '', '', 'RG', 9, 14, '', NULL, NULL),
(300, 'Norwich Close', '', '', 'RJ', 55, 106, '', NULL, NULL),
(301, 'Nursery Croft', '', '', 'RL', 6, 8, '', NULL, NULL),
(302, 'Oakenfield', '', '', 'RF', 88, 169, '', NULL, NULL),
(303, 'Oakhurst', '', '', 'RP', 57, 100, '', NULL, NULL),
(304, 'Orchard Close', '', '', 'RL', 11, 20, '', NULL, NULL),
(305, 'Ormonds Close', '', '', 'RM2', 19, 36, '', NULL, NULL),
(306, 'Paget Close', '', '', 'RH', 10, 12, '', NULL, NULL),
(307, 'Park End', '', '', 'RA', 10, 17, '', NULL, NULL),
(308, 'Parkside Court', '', '', 'RL', 22, -1, ' EL?', NULL, NULL),
(309, 'Parnell Avenue', '', '', 'RN1', 44, 80, '', NULL, NULL),
(310, 'Parsons View', '', '', 'RN1', 5, 12, 'RG?', '52.67327580060035', '-1.8404191732406616'),
(311, 'Partridge Croft', '', '', 'RW', 39, 63, '', NULL, NULL),
(312, 'Pasco Drive', '', '', 'RQ', 2, 3, '', NULL, NULL),
(313, 'Patrick Mews', '', '', 'RL', 40, 62, '', NULL, NULL),
(314, 'Pauls Walk', '', '', 'RF', 41, 89, '', NULL, NULL),
(315, 'Pear Tree Close', '', '', 'RP', 34, -1, ' EL?', NULL, NULL),
(316, 'Pennys Croft', '', '', 'RX', 12, NULL, 'NAME?', '52.68771243902679', '-1.8063765764236452'),
(317, 'Pentire Road', '', '', 'RB1', 44, 92, '', NULL, NULL),
(318, 'Peters Walk', '', '', 'RF', 19, 38, '', NULL, NULL),
(319, 'Pinfold Road', '', '', 'RL', 5, 8, '', NULL, NULL),
(320, 'Pipers Croft', '', '', 'RF', 18, 36, '', NULL, NULL),
(321, 'Ploughmans Walk', '', '', 'RJ', 29, 37, '', NULL, NULL),
(322, 'Pones Green', '', '', 'RJ', 32, 67, '', NULL, NULL),
(323, 'Ponesfield Road', '', 'RH', 'RH', 30, 0, 'Evens from 2 by Curborough  to 80 by Handle Walk', NULL, NULL),
(324, 'Ponesfield Road', '', 'RJ', 'RJ', 36, 72, 'Odds from 79 by Purcell Avenue to 7 by Curborough + 84 & 82 by purcel Road', NULL, NULL),
(325, 'Poolfield Road', '', '', 'RM2', 16, 24, '', NULL, NULL),
(326, 'Powell Drive', '', '', 'RM2', 0, 1, NULL, '52.67492492138159', '-1.8478488922119143'),
(327, 'Prince Ruperts Way', '', '', 'RE', 23, 31, '', NULL, NULL),
(328, 'Purcell Avenue', '', '', 'RJ', 75, 209, '', NULL, NULL),
(329, 'Quarry Hills Close', '', '', 'RR', 27, 11, ' EL?', NULL, NULL),
(330, 'Quarry Hills Lane', '', 'RP', 'RP', 24, 11, 'From Borowcop Odds 1 to 21 to and evens from 2 to 50', '52.67394911778779', '-1.812400817871094'),
(331, 'Quarry Hills Lane', '', 'RR', 'RR', 4, 51, 'Odds from 23 to 39', '52.67313593147713', '-1.8136560916900637'),
(332, 'Queen Street', '', '', 'RN2', 10, 12, '', NULL, NULL),
(333, 'Redlock Field', '', '', 'RQ', 42, 92, '', NULL, NULL),
(334, 'Richmond Drive', '', '', 'RB', 38, 79, '', NULL, NULL),
(335, 'Robert Davies Walk', '', '', 'RP', 11, 15, '', NULL, NULL),
(336, 'Rocklands Crescent', '', '', 'RX', 58, 107, '', NULL, NULL),
(337, 'Roman Way', '', '', 'RD', 2, 3, '', NULL, NULL),
(338, 'Romilly Close', '', '', 'RB', 8, 11, '', NULL, NULL),
(339, 'Rotten Row', '', 'RD', 'RD', 12, 20, 'From 53 by Bluebird house to 75 by Souther Cross', '52.682772192045455', '-1.8202543258666994'),
(340, 'Rotten Row', '', 'RS', 'RS', 19, 25, 'From 28 by Maxwell Close to &2 by Station Road', '52.68256926307298', '-1.8207049369812014'),
(341, 'Rowan Close', '', '', 'RD', 15, 31, '', NULL, NULL),
(342, 'Royal Oak Close', '', '', 'RM1', 4, 4, 'RG?', '52.67544534105313', '-1.8529129028320315'),
(343, 'Ryknild Street', '', 'RAa', 'RA', 4, NULL, 'Evens fron 4 - 10 by Darnford park', '52.67447995768583', '-1.8064999580383303'),
(344, 'Saddlers Close', '', '', 'RC', 16, 27, '', NULL, NULL),
(345, 'Salisbury Close', '', '', 'RJ', 10, 21, '', NULL, NULL),
(346, 'Samuel Close', '', '', 'RJ', 20, 18, NULL, NULL, NULL),
(347, 'Sanders Way', '', '', 'RR', 26, 48, '', NULL, NULL),
(348, 'Sandfield Close', '', '', 'RN1', 10, 18, '', NULL, NULL),
(349, 'Sandfield Meadow', '', '', 'RN1', 58, -1, ' EL?', NULL, NULL),
(350, 'Sandford Gate', '', '', 'RN2', 0, 43, ' RG?', '52.68198258505716', '-1.8331879377365115'),
(351, 'Sandford Street', '', '', 'RN2', 30, 44, '', NULL, NULL),
(352, 'Saxon Walk', '', '', 'RM1', 5, 9, '', NULL, NULL),
(353, 'Scotch Orchard', '', '', 'RX', 92, -1, ' EL?', NULL, NULL),
(354, 'Scott Close', '', '', 'RQ', 49, 90, '', NULL, NULL),
(355, 'Seckham Road', '', '', 'RL', 9, 16, '', NULL, NULL),
(356, 'Seward Close', '', '', 'RR', 13, 25, '', NULL, NULL),
(357, 'Shakespeare Avenue', '', '', 'RQ', 42, 82, '', NULL, NULL),
(358, 'Shaw Lane', '', 'RL', 'RL', 2, 2, 'Park View and Shaw Cross', '52.68551684258665', '-1.8349313735961916'),
(359, 'Shaw Lane', '', 'RN2', 'RN2', 7, 12, 'RG?', '52.68543879802891', '-1.8340945243835451'),
(360, 'Shepherd Close', '', '', 'RJ', 33, 50, '', NULL, NULL),
(361, 'Sheriffs Close', '', '', 'RA', 28, 58, '', NULL, NULL),
(362, 'Shortbutts Close', '', '', 'RR', 10, 11, '', NULL, NULL),
(363, 'Shortbutts Lane', '', 'RQ', 'RQ', 90, 92, 'From 2 by London Road to Arlington House by Birmingham Road', '52.672135366351405', '-1.8288159370422363'),
(364, 'Shortbutts Lane', '', 'RR', 'RR', 0, 84, 'Odds from 1 by London Road  to 71 by Railway bridge.', '52.67200785440536', '-1.8275392055511477'),
(365, 'Siddons Close', '', '', 'RG1', 20, 49, '', NULL, NULL),
(366, 'Simpson Road', '', '', 'RJ', 53, 99, '', NULL, NULL),
(367, 'Small Ridge', '', '', 'RG', 10, 21, '', NULL, NULL),
(368, 'Smithfield Rise', '', '', 'RU', 26, 41, '', NULL, NULL),
(369, 'Smithy Lane', '', '', 'RE', 13, 22, '', NULL, NULL),
(370, 'Sorrel Close', '', '', 'RM1', 4, 4, '', NULL, NULL),
(371, 'Southern Cross', '', '', 'RD', 6, 15, '', NULL, NULL),
(372, 'Southwark Close', '', '', 'RJ', 35, 77, '', NULL, NULL),
(373, 'Spearhill', '', '', 'RC', 32, 67, '', NULL, NULL),
(374, 'Spencer Road', '', '', 'RQ', 32, 11, ' EL?', NULL, NULL),
(375, 'Spring Road', '', '', 'RT', 44, 84, '', NULL, NULL),
(376, 'Springfield Gardens', '', '', 'RL', 0, 0, ' RG?', '52.68959837859999', '-1.8405103683471682'),
(377, 'St Chads Close', '', '', 'RH', 4, 3, ' RG?', '52.689900771678175', '-1.8244278430938723'),
(378, 'St Chads Road', '', 'RH', 'RH', 14, 23, 'from 2 by St Chads Close to 40 by the church', '52.68905991872327', '-1.8205547332763672'),
(379, 'St Chads Road', '', 'RK', 'RK', 18, 30, 'From 3 by Gaia Lane to 25 by the Pool', '52.68945921208926', '-1.8240308761596682'),
(380, 'St Michael Road', '', '', 'RW', 66, -1, ' EL?', NULL, NULL),
(381, 'St. Annes Road', '', '', 'RH', 13, 58, '', NULL, NULL),
(382, 'St. Catherines Road', '', '', 'RH', 5, 33, '', NULL, NULL),
(383, 'St. Helens Road', '', '', 'RH', 10, 27, '', NULL, NULL),
(384, 'St. Johns Close', '', '', 'RN2', 10, 21, '', NULL, NULL),
(385, 'St. Margarets Road', '', '', 'RH', 25, 54, '', NULL, NULL),
(386, 'St. Marys Road', '', '', 'RH', 19, 46, '', NULL, NULL),
(387, 'Station Road', '', '', 'RS', 11, 20, '', NULL, NULL),
(388, 'Stephens Walk', '', '', 'RF', 19, 31, '', NULL, NULL),
(389, 'Stevenson Walk', '', '', 'RQ', 15, 16, '', NULL, NULL),
(390, 'Stonneyland Drive', '', '', 'RN1', 0, 0, ' RG?', '52.67403368829521', '-1.8435198068618777'),
(391, 'Stonynge Place', '', '', 'RM2', 6, 12, '', NULL, NULL),
(392, 'Stowe Hill Gardens', '', '', 'RT', 3, 5, '', NULL, NULL),
(393, 'Stowe Street', '', '', 'RU', 99, -1, ' EL?', NULL, NULL),
(394, 'Stowecroft', '', '', 'RT', 21, 77, '', NULL, NULL),
(395, 'Strawberry Lane', '', '', 'RP', 33, 63, '', NULL, NULL),
(396, 'Sturgeons Hill', '', 'RD1', 'RD1', 16, NULL, 'From 1 to 33', '52.682035919820066', '-1.817593574523926'),
(397, 'Sturgeons Hill', '', 'RP', 'RP', 3, NULL, 'Evens 2 to 4 From bridge to Cherry orchard', NULL, NULL),
(398, 'Stychbrook Gardens', '', '', 'RJ', 40, 84, '', NULL, NULL),
(399, 'Sullivan Walk', '', '', 'RT', 11, 27, '', NULL, NULL),
(400, 'Sullivan Way', '', '', 'RT', 10, NULL, NULL, NULL, NULL),
(401, 'Summer Grove', '', '', 'RT', 14, 25, '', NULL, NULL),
(402, 'Sunbury Avenue', '', '', 'RB', 18, 0, NULL, '52.68052398630262', '-1.8085598945617678'),
(403, 'Swallow Croft', '', '', 'RE', 57, 98, '', NULL, NULL),
(404, 'Swan Road', '', '', 'RN2', 52, 86, '', NULL, NULL),
(405, 'Swinfen Broun Road', '', '', 'RL', 20, 28, '', NULL, NULL),
(406, 'Tamworth Road', '', '', 'RR', 103, -1, ' EL?', NULL, NULL),
(407, 'Tamworth Street', '', '', 'RS', 25, 34, '', NULL, NULL),
(408, 'Tanyard', '', '', 'RU', 13, 0, ' RG?', '52.68666538223791', '-1.8238162994384768'),
(409, 'Taylor Way', '', '', 'RM2', 0, 7, NULL, '52.67646014158143', '-1.8512293606567436'),
(410, 'Terry Close', '', '', 'RG1', 23, 49, '', NULL, NULL),
(411, 'Tewe Place', '', '', 'RN1', 6, 6, '', NULL, NULL),
(412, 'Thacker Drive', '', '', 'RN1', 39, 79, '', NULL, NULL),
(413, 'The Brambles', '', '', 'RB1', 23, 51, '', NULL, NULL),
(414, 'The Crossings', '', '', 'RC', 7, 8, NULL, '52.68470127011109', '-1.806231737136841'),
(415, 'The Dell', '', '', 'RM1', 16, 28, '', NULL, NULL),
(416, 'The Friary', '', 'RN2', 'RN2', 0, 106, '43 Corner of  Birmingham Road to  1 opposite the multi storey  ignore the Flats', '52.67914014245701', '-1.8333864212036135'),
(417, 'The Maltings', '', '', 'RQ', 10, 15, '', NULL, NULL),
(418, 'The Old Stoneyard', '', '', 'RS', 9, NULL, 'NAME?', '52.68535490001347', '-1.8280434608459475'),
(419, 'The Paddock', '', '', 'RQ', 15, 27, '', NULL, NULL),
(420, 'The Parchments', '', '', 'RK', 17, 34, '', NULL, NULL),
(421, 'The Pines', '', '', 'RA', 34, 68, '', NULL, NULL),
(422, 'The Spires', '', '', 'RA', 30, 64, '', NULL, NULL),
(423, 'The Squirrels', '', '', 'RP', 4, 8, NULL, '52.68067521452373', '-1.8172502517700198'),
(424, 'The Sycamores', '', '', 'RQ', 21, 32, '', NULL, NULL),
(425, 'The Whytmore', '', '', 'RN1', 7, 18, '', NULL, NULL),
(426, 'The Windings', '', '', 'RE', 3, 4, '', NULL, NULL),
(427, 'The Woodlands', '', '', 'RX', 17, 30, '', NULL, NULL),
(428, 'Thistley Nook', '', '', 'RE', 8, 14, '', NULL, NULL),
(429, 'Thomas Greenway', '', '', 'RF', 29, 47, '', NULL, NULL),
(430, 'Thomas Lane', '', '', 'RJ', 14, 16, NULL, '52.70144541827578', '-1.821788549423218'),
(431, 'Thropp Close', '', '', 'RM2', 25, 51, '', NULL, NULL),
(432, 'Townfields', '', 'RM1', 'RM1', 11, 16, '16 to 56 off Stafford Road', NULL, NULL),
(433, 'Townfields', '', 'RN2', 'RN2', 6, 8, '2 - 14 off  Sandford Street', '52.68065114815203', '-1.8375223875045779'),
(434, 'Trafalgar Way', '', '', 'RQ', 72, 129, '', NULL, NULL),
(435, 'Tregony Rise', '', '', 'RB1', 16, 31, '', NULL, NULL),
(436, 'Trenance Close', '', '', 'RB1', 11, 19, '', NULL, NULL),
(437, 'Trunkfield Meadow', '', '', 'RM2', 20, 38, '', NULL, NULL),
(438, 'Truro Close', '', '', 'RJ', 22, 40, '', NULL, NULL),
(439, 'Tudor Close', '', '', 'RA', 17, 37, '', NULL, NULL),
(440, 'Tuke Place', '', '', 'RE', 9, 16, '', NULL, NULL),
(441, 'Upper St. John Street', 'Town end', 'RN2', 'RN2', 10, 9, 'About 10 properties on Upper St Johns Street from the almms houses to the Friary. Properties behnd road have separate Listing', '52.680696028768914', '-1.8280434608459475'),
(442, 'Upper St. John Street', '', 'RQ', 'RQ', 130, 203, 'Both sides from Bridge to 228 corner of Shortbutts.(62) (65)', '52.67504982274756', '-1.8238592147827148'),
(443, 'Vale Close', '', '', 'RK', 10, 20, '', NULL, NULL),
(444, 'Vallentin Way', '', '', 'RJ', 29, 35, NULL, '52.70151043157633', '-1.8210697174072268'),
(445, 'Valley Lane', '', '', 'RX', 83, 182, '', NULL, NULL),
(446, 'Verdi Court', '', '', 'RT', 17, 27, '', NULL, NULL),
(447, 'Victoria Gardens', '', '', 'RM1', 25, 45, '', NULL, NULL),
(448, 'Victory Close', '', '', 'RQ', 33, 58, '', NULL, NULL),
(449, 'Wade Street', '', '', 'RS', 50, 67, '', NULL, NULL),
(450, 'Walkers Croft', '', '', 'RT', 9, 27, '', NULL, NULL),
(451, 'Walnut Grove', '', '', 'RA', 7, 13, '', NULL, NULL),
(452, 'Walnut Walk', '', '', 'RM2', 53, 110, '', NULL, NULL),
(453, 'Walsall Road', '', 'RM1a', 'RM1', 14, NULL, 'Evens from 14 By the Satfford Road to   the Friary', '52.68024657058175', '-1.8373614549636843'),
(454, 'Walsall Road', '', 'RN2', 'RN2', 14, 29, 'Evens along Festival Gardens from Stafford road to Police Mutual', '52.68065309945179', '-1.8357628583908083'),
(455, 'Warren Close', '', '', 'RA', 34, 67, '', NULL, NULL),
(456, 'Wassall Lane', '', '', 'RJ', 9, 10, NULL, '52.7005319711644', '-1.8205869197845461'),
(457, 'Watchman Close', '', '', 'RJ', 2, 1, NULL, NULL, NULL),
(458, 'Waterloo Croft', '', '', 'RQ', 17, 35, '', NULL, NULL),
(459, 'Watery Lane', '', '', 'RJ', 6, 12, NULL, '52.70127638324118', '-1.8227005004882815'),
(460, 'Waverley Walk', '', '', 'RQ', 27, 46, '', NULL, NULL),
(461, 'Wentworth Drive', '', '', 'RR', 45, 93, '', NULL, NULL),
(462, 'Weston Road', '', 'RE', 'RE', 47, 0, 'Odds from shops on wheel lane 149 to 59 corner of Dimbles Lane', NULL, NULL),
(463, 'Weston Road', '', 'RG', 'RG', 51, NULL, 'Evens from 138 corner of Grange Lane to  42 corner of Dimbles Lane', NULL, NULL),
(464, 'Weston Road', '', 'RH', 'RH', 53, NULL, 'odds from Dimbles Lane 55 to 3 corner of Curborough Road, Evens from 2 to 40a', NULL, NULL),
(465, 'Wharf Close', '', '', 'RP', 3, 6, '', NULL, NULL),
(466, 'Wheel Lane', '', 'RE', 'RE', 39, 55, 'Evens from Beacon street  2 to 38 aby Shops', '52.689251111697516', '-1.8395715951919558'),
(467, 'Wheel Lane', '', 'RL', 'RL', 19, 38, 'Odds from Beacon St 19 to 61 by the former Pub', '52.689926133543416', '-1.8398022651672366'),
(468, 'Whitehouse Drive', '', '', 'RM2', 55, 98, '', NULL, NULL),
(469, 'Wightman Close', '', '', 'RA', 14, 25, '', NULL, NULL),
(470, 'Willow Tree Close', '', '', 'RH', 18, 26, NULL, NULL, NULL),
(471, 'Willowsmere Drive', '', '', 'RA', 35, 79, '', NULL, NULL),
(472, 'Wilmott Close', '', '', 'RM1', 4, 7, '', NULL, NULL),
(473, 'Winchester Close', '', '', 'RJ', 27, 51, '', NULL, NULL),
(474, 'Windmill Close', '', '', 'RG', 38, 68, '', NULL, NULL),
(475, 'Windmill Lane', '', 'RF', 'RF', 25, 49, 'From Windmill close to Oakenfield', '52.69327117462137', '-1.8384075164794924'),
(476, 'Windmill Lane', '', 'RG', 'RG', 9, 14, 'Fronm  Weston Road   3/5/7 and 2-10  up to Windmill Close', '52.692386818531546', '-1.837763786315918'),
(477, 'Winter Close', '', '', 'RT', 13, 29, '', NULL, NULL),
(478, 'Wissage Court', '', '', 'RD', 17, 31, '', NULL, NULL),
(479, 'Wissage Croft', '', '', 'RT', 6, 5, ' EL?', NULL, NULL),
(480, 'Wissage Lane', '', '', 'RX', 39, 67, '', NULL, NULL),
(481, 'Witley Drive', '', '', 'RD', 16, 38, '', NULL, NULL),
(482, 'Wolsey Road', '', '', 'RG', 63, 103, '', NULL, NULL),
(483, 'Wood Ridings', '', '', 'RE', 34, 50, '', NULL, NULL),
(484, 'Woodfields Drive', '', '', 'RR', 26, 54, '', NULL, NULL),
(485, 'Woods Croft', '', '', 'RE', 15, 25, '', NULL, NULL),
(486, 'Worcester Close', '', '', 'RJ', 22, 48, '', NULL, NULL),
(487, 'Wordsworth Close', '', '', 'RR', 20, 38, '', NULL, NULL),
(488, 'Wyrley Close', '', '', 'RQ', 7, 11, '', NULL, NULL),
(489, 'Yew Tree Avenue', '', '', 'RC', 56, 88, '', NULL, NULL),
(490, 'York Close', '', '', 'RT', 24, 52, '', NULL, NULL),
(491, 'Curborough Road', 'Odds 33 to 117', 'RHba', 'RH', 42, NULL, 'Odds from  33 corner of Dimble Hill   to 117  corner of Weston Road', '52.693865503929366', '-1.827431917190552'),
(492, 'Beacon Street', 'keep', 'RE', 'RE', 30, 2, 'Evens 48 by Prince Rupert Mews to 178 by Morrisons', NULL, NULL),
(493, 'Beacon Street', 'keep', 'RL', 'RL', 47, 153, 'odds from   23  corner of Baecon Mews to 213 Corner of Pinfold Rd', NULL, NULL),
(494, 'Beacon Street', 'keep', 'RN2', 'RN2', 20, 8, 'Odds from Old Library to   flats at  19 corner of Shaw Lane', NULL, NULL),
(495, 'Beacon Street', 'keep', 'RS', 'RS', 16, 2, 'Evens  from  Beacon Park  to 38 corner of Prince Rupert Mews', '52.68583162094672', '-1.8335098028182986'),
(496, 'Boley Lane', '', 'RB1', 'RB1', 2, 5, 'No 30 and 32 opposite Copperfields/Maryvale Court', '52.680464470576226', '-1.8148577213287356'),
(497, 'Booth Close', '', 'RG', 'RG', 8, NULL, '15 -21 16- 10 the inner part of booth close.', '52.69362491220029', '-1.8335580825805666'),
(498, 'Curborough Road', 'keep', 'RK', 'RK', 23, 28, 'Odds from corner of Gaia Lane to corner of Dimble Hill', '52.69050717729302', '-1.8256375193595888'),
(499, 'Gaia Lane', 'keep', 'RK', 'RK', 47, 111, 'Lower end Odds from 39 to 97 Curborough Road, evens 60 to 116', NULL, NULL),
(500, 'Gaia Lane', 'keep', 'RS', 'RS', 18, 42, 'Top End from Beacon street to Evens 2 to 30 and Odds to 31', NULL, NULL),
(501, 'Kean Close', '', 'RL', 'RL', 3, 4, 'Nos 25/24/23 near corner of Stafford Road', '52.6919465846635', '-1.8467706441879275'),
(502, 'St John Street', '', 'RS', 'RS', 0, 14, 'Odds  mainly commercial properties.', '52.6807064356893', '-1.828150749206543'),
(503, 'St John Street', '', 'RN2', 'RN2', 28, 12, 'Evens ,  does this include St Johns Hospital?', '52.680628382535055', '-1.8280220031738283'),
(504, 'Trent Valley Road', 'keep', 'RD', 'RD', 0, 48, ' RG?', '52.685982505588775', '-1.8091392517089846'),
(505, 'Trent Valley Road', '', 'RWb', 'RW', 102, 18, 'Evens from 78 by service road to 122 by Whitley Drive', '52.68449965095309', '-1.8179476261138918'),
(506, 'Trent Valley Road', '', 'RX', 'RX', 70, 151, 'Odds from 17 by Wissage Road to 161 by Eastern Ave.', '52.686414345174555', '-1.8103408813476565'),
(507, 'Beacon Court', '', '', 'RS', 1, NULL, 'Possibly in Gaia Lane cant find is this beacon mews.', '52.68671610971211', '-1.8308973312377932'),
(508, 'Birmingham Road', '', 'RN2', 'RN2', 58, 0, 'Evens 76 by St Johns Close to 102 at Friary and Odds Green Court & Forest Court 1-25 St Johns Road to 104/6 on roundabout far side', '52.67812020041848', '-1.8289875984191897'),
(509, 'Birmingham Road', '', 'RQ', 'RQ', 83, 120, 'Odds from 117 just by bridge to 177 by Shortbutts, evens 176 by by pass to 108  by bridge  (56?)', '52.67266883049577', '-1.8316054344177248'),
(510, 'Birmingham Road', 'keep', 'RS', 'RS', 11, NULL, 'Odds from 1 Coop funeral to 29 by FireStation', '52.68126321104824', '-1.8248033523559573'),
(511, 'Dimbles Lane', '', 'RF', 'RF', 7, 11, 'Odds  105 corner of Greencroft to 117 corner Needwood Hill', '52.69537209885462', '-1.8331959843635561'),
(512, 'Gloucester Close', '', '', 'RJ', 16, 35, NULL, '52.700126927723545', '-1.8249535560607912'),
(513, 'Oakley Close', '', '', 'RJ', 24, NULL, 'Also Pearce Court 1 &-2 , 3-14  , 15-24', NULL, NULL),
(514, 'Stafford Road', '', 'RG1', 'RG1', 8, 16, 'Evens 42 Stafford Road from Kean Close to 54  By Eastern Avenue', '52.6923504036438', '-1.8475484848022463'),
(515, 'Stafford Road', '', 'RL', 'RL', 35, 70, 'Odds 1 to 31 from Cross in hand Lane to evens 4 to 40  by Kean Close', '52.69086386340796', '-1.845558285713196'),
(516, 'The Garth', '', '', 'RH', 31, 75, NULL, '52.69370814403855', '-1.8280220031738283'),
(517, 'Vicars Close', '', '', 'RS', 11, NULL, 'include Vicars Hall flat 1a', '52.68525734393272', '-1.8323618173599245'),
(518, 'Wissage Road', '', 'RD', 'RD', 2, 15, 'From Burton Old Road West to Trent Valley Road  nos 2 and 4', '52.684812485431955', '-1.8135058879852297'),
(519, 'Wissage Road', 'keep', 'RT', 'RT', 38, 27, 'Evens 38 to 66 from Browsfield Road toSt Michaels', '52.68825611827891', '-1.818441152572632'),
(520, 'Wissage Road', 'keep', 'RW', 'RW', 29, 150, 'Odds No 9 by Hospital Entrance to 65 corner of St Michaels Road', '52.68814946407859', '-1.8169069290161133'),
(521, 'Wissage Road', 'keep', 'RX', 'RX', 18, 35, 'Odds 3a to 7b Trent Valley Road to Hospital Entance. and evens Coachhouse to Woodlands', '52.68566512698122', '-1.815469264984131'),
(522, 'The Close', '', '', 'RS', 44, 88, NULL, NULL, NULL),
(523, 'Spires Care Home', '', '', 'RG', NULL, NULL, 'Care Home', NULL, NULL),
(524, 'Grange Lane', '', 'XW', 'RG', 7, NULL, 'From Eastern Avenue up to Grange Lea Farm', '52.69609059055872', '-1.8439435958862307'),
(525, 'The Charters', '', '', 'RK', 24, -1, NULL, '52.690092611362495', '-1.8266927089691178'),
(526, 'Trent Valley Road', '', 'RWa', 'RW', 9, NULL, 'From 1 by St Michaels to 13 by the Hospital  - Deliver also Birch, Rosaries and paradise Cottages behind TVR', '52.684572494190505', '-1.8175292015075686'),
(527, 'Sturgeons Hill', '', 'RD', 'RD', NULL, NULL, 'No Houses in this PD', '52.681555254834635', '-1.8162900209426882'),
(528, 'The Mill Pond', '', '', 'RT', 22, 51, 'NAME?  RG?', '52.69524920634461', '-1.8167299032211306'),
(529, 'The Leasowe', '', '', 'RE', 60, 131, 'NAME?  RG?', '52.69017064760311', '-1.8338370323181155'),
(530, 'Ryknild Street', '', 'RAc', 'RA', 3, NULL, 'Evens  60/62/64 by Birchwood Road', '52.68119426484247', '-1.8030982495880068'),
(531, 'Walsall Road', '', 'RM1c', 'RM1', 3, NULL, 'A few houses past The roundabout near Three Tuns', '52.67549998471929', '-1.854050159454346'),
(532, 'Walsall Road', '', 'RM1b', 'RM1', 150, 332, 'Evens from 36 By Christchurch lane to   204  past Sorrel Close,  odds  from 33  to Rosemary lodge', '52.67878108383802', '-1.8427419662475586'),
(533, 'Reynolds Close', '', '', 'RH', 34, 56, NULL, '52.69397864671463', '-1.8293416500091555'),
(534, 'Dimbles Lane', '', 'RHb', 'RH', 36, 85, 'Evens from 126 by Giles Road to 96 Bloomfield crescent', '52.69377056786272', '-1.831503510475159'),
(535, 'Curborough Road', '', 'RHa', 'RH', 75, NULL, 'evens from 2 opposite gaia Lane to 60 corner of Ponesfield Rd. Odds from Dimbles Hill to  65 at Leyfields', '52.691640954356245', '-1.8261551856994631'),
(536, 'Ste Foy Avenue', '', '', 'RN1', 53, 86, NULL, '52.67319448139715', '-1.8380588293075564'),
(537, 'Curborough Road', '123- 183', 'RHc', 'RH', 30, NULL, 'Odds from 123 corner of Weston Rd  to 183  corner of Margarets Road', '52.693601503105576', '-1.8273460865020754'),
(538, 'Stafford Road', '', 'XW', 'RG', 3, NULL, 'Out past Police Center a few houses in Chadsmead up to the roundabout.', '52.694990415795154', '-1.8510675430297854'),
(539, 'Curborough Road', 'keep', 'RJ', 'RJ', 50, NULL, 'evens from 82  corner of Ponesfield to 196 Eastern avenue end', NULL, NULL),
(540, 'Ryknild Street', '', 'RAb', 'RA', 5, NULL, 'Evens from 28/30/32 by Darnford Lane  and 34,36 opposite Pub', '52.67849812811742', '-1.8063980340957644'),
(541, 'Fosseway Lane', '', 'RM2', 'RM2', 1, 4, 'Fossway Farm  Vets dont deliver', '52.66951218928502', '-1.841239929199219');

-- --------------------------------------------------------

--
-- Table structure for table `user`
--

DROP TABLE IF EXISTS `user`;
CREATE TABLE IF NOT EXISTS `user` (
  `id` int(11) NOT NULL,
  `email` varchar(180) COLLATE utf8mb4_unicode_ci NOT NULL,
  `roles` longtext COLLATE utf8mb4_unicode_ci NOT NULL COMMENT '(DC2Type:json)',
  `password` varchar(255) COLLATE utf8mb4_unicode_ci NOT NULL
) ENGINE=InnoDB DEFAULT CHARSET=utf8mb4 COLLATE=utf8mb4_unicode_ci;

--
-- Truncate table before insert `user`
--

TRUNCATE TABLE `user`;
--
-- Dumping data for table `user`
--

INSERT INTO `user` (`id`, `email`, `roles`, `password`) VALUES
(1, 'paul.a.golder@lerot.org', 'ROLE_ADMIN', '$argon2id$v=19$m=65536,t=4,p=1$Y8Q6iCSBVG1h80zIxhOgeg$uP1rVzrZNfMDU1xjfkhjWzf1Pbcsm1/YiHswp9DupeU');
COMMIT;

/*!40101 SET CHARACTER_SET_CLIENT=@OLD_CHARACTER_SET_CLIENT */;
/*!40101 SET CHARACTER_SET_RESULTS=@OLD_CHARACTER_SET_RESULTS */;
/*!40101 SET COLLATION_CONNECTION=@OLD_COLLATION_CONNECTION */;
